id,predict
39386,3
53759,0
26960,0
47957,20
13089,0
39988,13
18839,20
28690,13
38402,20
45856,13
15528,0
35913,20
49495,20
18237,13
17885,0
44970,20
11940,20
29584,0
42089,13
9694,0
23882,20
34835,20
15984,0
28032,20
7158,0
6617,0
42042,20
48578,20
24062,0
51667,20
6425,20
31782,0
21948,20
52486,16
53554,16
47366,13
23623,13
7193,3
42614,13
47154,20
46086,13
51031,16
54543,20
4524,20
53766,13
36137,20
47392,13
16530,0
22705,13
19578,13
27879,0
34452,20
46072,20
28831,20
18698,16
55465,13
25712,20
11527,0
14869,20
40385,0
44725,13
28469,0
55001,13
56684,13
20604,20
52224,13
36761,13
33021,13
25144,20
11371,0
14603,13
37481,13
51693,13
16154,13
22361,20
17086,20
19540,0
7963,0
8117,13
58170,20
39375,20
46876,13
44379,13
51499,3
19316,20
17882,0
41439,13
4944,13
43994,13
49492,20
8587,0
42248,0
48772,13
17876,0
53934,20
1638,20
53108,20
32903,13
29321,0
15379,20
58184,20
1852,0
7399,20
26967,13
27089,13
3739,20
19786,0
57563,13
33026,13
11376,13
7504,13
34203,3
55234,0
27614,13
7736,20
3396,20
19329,13
43163,20
33214,0
20603,20
11978,13
27042,20
31127,13
40382,13
5405,13
20055,13
28238,13
16537,20
55650,20
47153,20
51036,13
26958,13
13283,13
26164,3
15948,13
24401,13
10634,20
4711,20
14294,0
23624,20
47361,20
7194,0
48329,20
12163,3
44180,13
22392,13
51660,13
17075,20
18801,20
3150,13
29548,0
38608,13
36792,20
45260,13
43956,20
5068,20
58522,20
28655,20
58146,20
40985,20
7169,0
7955,0
8121,20
49808,20
27877,0
19744,0
47992,13
18696,20
1890,20
24408,20
21946,20
17418,13
48320,20
29125,20
54915,0
4972,20
45269,13
40529,13
59404,13
18808,20
14858,20
41266,20
16733,20
47191,20
27848,13
13241,20
2616,20
35783,20
16501,0
19549,0
20063,13
53591,13
41868,20
46615,20
19911,20
43367,20
27622,3
11340,3
10292,20
25949,8
5265,20
24295,13
43155,13
8748,13
35313,13
43393,20
42241,13
15714,20
53101,13
4171,13
59609,13
15526,20
21713,20
44384,13
17271,0
23044,3
12703,13
53757,13
12367,0
12969,20
47357,13
33480,20
21145,0
4727,20
45400,13
29774,0
18033,20
48743,20
47539,20
29546,13
26956,13
48929,20
18665,13
47961,20
56813,13
49033,20
8314,0
31129,13
43509,13
14860,20
39344,13
40982,20
59093,16
21189,20
8126,20
12199,0
39512,13
52823,13
50748,28
19115,0
42883,20
27428,13
44348,13
14438,20
17420,13
12152,0
30202,20
40175,20
53562,20
7397,20
47162,20
27087,13
57794,20
23043,3
6621,20
22191,20
42074,20
26703,20
24054,0
21526,20
24868,20
11175,0
11949,20
37685,20
50545,20
43152,13
27625,0
2047,0
10295,20
57552,13
16506,3
28209,20
8119,20
25516,20
36333,13
43536,13
54581,13
26101,0
54521,20
9259,0
30064,26
47136,20
5494,0
45661,0
36393,13
4546,20
15111,3
40313,20
56276,16
37073,20
21116,0
15323,20
57196,13
54713,13
51261,20
47304,20
32959,0
45037,20
37417,20
32165,13
56420,16
18058,20
3135,13
23225,13
34292,13
51605,3
42020,20
12750,20
6675,20
17222,20
46480,13
4122,20
21740,28
15575,20
33285,0
10007,20
32191,20
33043,13
13444,0
28639,13
7753,20
46474,13
31142,0
55407,13
27027,13
13212,20
43562,13
50949,3
49864,13
22555,13
34430,0
23487,13
20202,0
10497,0
4780,0
11777,13
2477,20
22767,13
14498,20
40748,13
35971,0
7798,0
59457,20
12139,13
8186,0
18403,20
9868,0
37870,20
38236,20
9266,0
28898,16
48141,20
26902,0
47109,13
8172,13
48387,3
22758,13
28262,13
37884,3
39310,28
49067,20
46813,20
50976,16
29182,0
30893,0
11922,13
33840,13
44912,3
37080,20
57165,13
3790,20
46017,13
45692,13
10490,0
39328,20
56285,16
13671,13
50516,16
6686,0
22136,20
16303,0
14454,20
52073,0
33878,13
32196,13
54384,20
50724,13
13685,13
12757,0
20695,20
53367,20
56615,20
32162,13
38458,13
23222,13
15324,20
37848,20
57191,0
49299,16
6818,11
2484,0
50186,28
40589,13
39773,0
35982,0
39317,20
28057,13
30894,0
19522,0
43768,20
58112,20
52428,13
48146,20
30860,13
57992,0
9437,20
17028,36
9605,0
5809,13
25325,20
55052,13
16335,13
47597,20
19973,20
6482,0
20465,20
14650,0
36500,13
23684,20
22756,13
7134,0
52421,13
56081,13
33416,20
10694,20
36356,13
44776,13
11574,0
24693,0
19719,13
49855,13
8188,0
3560,20
47335,20
23670,0
56849,3
21127,0
45650,16
10452,0
23442,13
22590,20
14496,20
15544,20
41694,3
19389,0
42011,20
7796,0
17213,20
54346,13
3938,0
51634,13
17021,20
23214,0
15776,20
1653,28
56411,20
48184,20
27029,13
8371,13
49056,20
27815,20
31970,13
14039,0
39321,20
10499,0
37089,20
57950,20
33429,20
20802,20
9091,20
8143,13
44923,3
25128,20
39577,13
12598,20
34268,13
2821,20
55851,13
35188,20
20668,0
24832,20
59466,20
9401,20
29711,13
55099,13
54977,3
59654,13
28095,20
56876,20
55293,13
33081,0
14491,20
4114,20
42016,20
35144,20
7791,3
29943,13
43792,20
30260,13
54725,13
47332,20
35712,20
56072,13
4584,20
11573,13
33623,20
57366,16
13224,20
43554,28
17684,20
27223,20
13016,20
22751,13
57968,13
25574,20
49638,0
19974,0
50715,13
44127,13
20462,20
25110,20
36735,13
11117,0
54187,20
21923,0
10658,20
40128,13
9062,0
18607,20
31983,20
26934,13
1801,20
37248,20
48513,13
46489,20
59653,13
32950,13
39584,20
19183,0
9406,0
2228,20
39742,20
36538,20
49607,20
18899,0
52419,13
56885,20
57957,13
17489,20
28254,13
8978,13
48183,20
51892,20
31977,20
5469,13
14802,20
57359,5
5638,20
41851,13
36903,13
27871,13
58372,13
3399,20
10099,13
25970,0
19114,13
49664,13
50749,28
28653,13
42876,20
11983,20
10851,0
25984,13
45861,13
17846,13
18032,20
49690,13
16994,13
20892,13
58988,13
39183,13
12950,0
3709,0
9233,0
29123,20
48928,20
10409,0
27624,0
16163,20
22356,0
52021,16
37684,20
2274,13
34001,13
16351,13
31117,20
54580,13
31325,13
43705,13
7150,13
22732,13
28208,20
6082,0
57137,13
58943,13
33472,20
20859,13
14096,0
32766,13
29920,20
19789,20
51006,13
26968,13
6244,0
48917,20
3504,20
40948,20
59059,13
10604,20
30667,20
12537,3
42247,0
35315,20
21527,20
24055,0
57795,20
10052,0
31587,0
12705,20
26530,20
47507,0
23042,3
51462,13
29578,20
51802,13
42429,13
58381,0
24409,20
18451,3
6872,13
44188,20
10258,3
18809,20
9650,0
54128,13
54914,13
4973,28
45892,13
24099,20
49663,20
17089,20
46419,20
11970,0
5855,20
57759,13
47993,20
22538,20
49809,20
40984,20
57933,0
36138,13
36904,13
19577,0
45257,20
10869,0
56640,3
24260,20
12702,20
3355,0
17270,0
35120,20
54325,16
43392,20
3167,20
23277,13
15715,20
25180,20
45859,13
13086,20
10603,20
52684,13
56224,13
54573,3
31322,13
19548,0
6085,0
50315,13
20062,20
58944,13
59896,13
59298,0
14859,20
49836,20
34462,20
47190,13
37683,20
14401,20
24294,13
43154,13
42086,20
50543,16
17284,0
43968,20
34006,13
2041,0
3193,0
16164,20
46614,20
17877,0
2880,13
38404,20
38636,13
56649,3
49493,20
9666,0
14098,0
48125,20
46883,20
3738,20
7996,0
29320,0
12961,13
33488,20
28808,0
47199,13
27840,20
31925,20
8116,13
21985,20
39146,13
16951,20
25941,23
45098,0
44378,13
11946,20
55038,13
7708,3
51498,3
28450,3
52480,13
56020,13
10635,20
27285,13
3535,0
12162,3
17410,20
51205,16
30464,16
38609,20
53136,20
44181,13
57596,13
56444,20
42276,20
35324,20
23241,13
3397,20
20602,20
14437,20
36767,13
11377,0
43350,20
32591,13
58972,13
33443,13
31314,13
13878,0
28239,13
43506,0
55463,13
7353,0
35586,13
58720,0
16358,0
55803,13
28457,3
19122,20
49652,13
20408,20
52028,0
49236,20
8111,20
13840,13
44529,20
59898,16
21982,20
36935,20
27847,0
28033,20
47358,20
12966,20
21976,20
15971,0
29929,20
59606,13
35912,20
54119,20
29571,20
42840,20
22199,20
54925,16
43992,13
9453,0
29743,20
3955,13
2887,20
23279,13
18838,20
44985,13
43501,0
11526,13
52473,13
32596,13
11714,0
25979,13
41400,13
50740,20
34205,13
8778,0
27420,13
22152,28
14430,20
5067,20
56685,13
39728,13
15724,20
56443,13
12501,0
26734,13
51666,20
6424,20
54126,20
30463,20
51454,13
47531,20
50586,16
36794,20
46087,20
21949,20
59853,20
10632,28
24407,13
9008,0
12165,13
26350,13
3532,0
9834,0
17417,13
6040,0
51202,16
23682,20
56087,13
41030,13
10692,20
11572,13
24695,13
33622,20
44770,13
20235,13
28058,20
48981,13
16757,20
55430,13
8348,20
31175,13
33246,0
46443,13
34063,13
12793,13
2216,13
16101,13
19975,0
46671,13
19149,0
13473,13
41454,20
14656,0
10030,13
39788,13
53357,20
7790,13
51400,0
34097,20
3330,20
29728,13
55292,13
13487,0
33080,0
51256,20
35713,20
24453,13
4743,20
11586,13
24661,13
21313,20
48975,20
26136,3
18898,13
19176,0
22139,20
26599,20
49434,20
18296,0
5830,0
33279,13
34438,0
50941,13
46824,13
8377,20
51893,20
39327,20
25778,13
9097,13
9251,0
18606,20
59236,13
51269,13
29525,13
42028,13
48512,13
18262,13
4916,20
53368,13
38239,20
15121,3
21314,20
53734,20
17676,20
22591,13
9269,0
9867,0
35714,20
54723,13
12136,13
3561,20
40111,20
4744,0
46682,20
51635,0
18854,0
56410,28
20490,13
14497,20
4112,8
26555,13
46676,13
7551,13
34256,13
33073,0
52044,26
36501,0
41661,13
22101,13
55053,13
34858,20
58328,20
22565,20
49068,20
43760,0
7909,0
56080,13
9632,0
10008,20
4911,13
45804,20
37418,20
33884,13
59467,20
21925,13
56877,20
6810,13
30857,13
31985,28
48171,20
1807,20
33428,20
7936,0
55408,13
14804,20
36368,13
58317,13
28404,20
8714,20
34867,13
58541,20
33870,20
28636,13
2820,13
8526,13
24006,0
37411,20
46486,13
56614,20
15573,20
49896,13
54527,20
25782,13
32507,20
42670,13
49862,20
7331,20
3791,0
31144,20
43564,13
10491,0
58910,13
44573,20
5654,20
52416,13
7103,20
42684,13
9099,0
27213,20
52072,13
34260,20
22305,13
16130,0
27677,20
55257,13
34052,13
18298,13
2227,20
3568,0
21913,13
57993,13
40924,13
15128,13
54518,20
50984,16
2688,0
48523,13
9604,0
42019,20
12769,13
17815,20
38466,20
41668,20
11924,20
54188,20
2218,20
35983,0
55268,13
38492,20
33846,13
43769,8
37882,3
56089,13
57967,13
39316,20
5459,20
29184,0
34409,0
46815,20
34055,20
6680,20
7752,0
2220,20
57735,13
36702,13
5005,20
53395,13
20667,0
11312,0
32190,20
33042,0
57507,20
21587,3
18891,13
28638,20
19943,13
31715,20
41006,20
51294,20
22766,13
34603,16
50346,13
46011,13
30091,0
13213,20
57197,0
53537,5
3550,20
12107,0
54712,13
30257,20
49891,13
38208,20
40312,13
4547,20
17223,20
6674,20
51436,13
24233,13
33284,0
15574,20
53361,20
4311,20
32958,0
14694,3
17011,20
51604,13
30633,13
28051,20
28263,13
58928,28
16108,20
55861,13
34856,20
17812,20
38461,20
32369,20
7799,13
3339,0
24668,20
15913,13
56248,13
30866,13
28297,20
12138,13
21914,13
38839,13
21268,20
15861,20
51923,13
48032,13
12876,20
35668,20
47248,20
20188,0
4638,13
56108,13
48664,20
59716,13
4852,20
29461,13
33933,13
43876,13
16248,20
41379,13
49114,13
49928,13
50039,16
28123,20
49326,13
20940,20
38183,13
21892,13
48469,13
42153,0
12623,0
50496,0
16283,0
4051,0
15634,20
53021,13
57481,20
40436,13
17163,0
22284,20
53445,13
32472,20
26240,0
9118,20
27392,0
35657,13
9924,20
17507,0
42537,13
13395,0
6362,20
23500,13
37332,13
32640,13
38980,20
57011,20
16421,0
55574,20
16613,3
49917,13
46163,33
15096,13
25603,13
41346,3
31455,13
50462,13
22042,13
36670,20
4899,13
56795,3
52107,13
4297,0
36442,13
5345,20
14712,13
20527,20
11260,20
24187,13
9588,0
17197,0
34749,20
58061,20
5719,0
39264,20
15892,20
46967,20
49113,20
14518,0
27508,20
34923,13
22846,28
43871,20
16841,20
50668,3
2964,20
22248,28
24379,13
9776,13
30779,0
12429,13
3842,13
53825,13
56933,20
41984,20
59147,20
59375,13
39290,13
29002,20
23538,20
5342,28
41517,20
44859,0
43240,20
50657,3
46732,20
2355,20
55117,20
31452,20
23197,0
7243,13
53684,20
52756,13
36213,20
14371,13
57016,20
31204,20
12086,0
13154,0
27361,0
50233,20
53670,20
4432,0
24510,13
32475,0
12072,0
18548,20
34782,25
6157,0
9923,20
21406,0
24948,13
37563,13
24174,0
42366,0
26623,20
17164,0
35234,13
50491,16
6701,0
47426,20
16284,20
25294,20
24346,13
10173,20
40603,13
30589,13
5945,0
33902,13
52109,13
52935,13
9586,20
36814,13
8202,0
27966,13
49919,13
58265,20
39252,28
14976,20
56905,20
52599,20
38146,20
24519,13
9116,20
29206,13
12847,20
42539,13
29034,20
15850,20
23956,0
28582,20
50498,16
54804,20
11894,20
24941,13
53813,13
45976,13
3874,0
21292,20
11407,13
25632,20
57212,13
2707,13
13350,3
46152,20
16622,3
27357,0
50205,20
46360,0
7047,20
35692,20
15295,20
39863,20
41979,20
20172,0
40097,0
10383,20
25256,20
8659,20
2363,20
16246,20
50453,16
34116,20
45175,20
15605,13
32027,13
59718,16
4060,0
45347,20
10145,20
30542,13
23155,0
39299,20
24714,20
27191,13
17704,13
35454,13
9915,13
53474,16
38179,13
53814,13
9575,20
8695,20
4058,0
51915,13
30922,13
37935,13
58898,13
48236,20
29201,13
18780,13
49122,13
14971,20
5728,20
25438,20
7843,20
12088,13
13966,0
34778,13
11269,13
16870,20
9581,13
19838,0
3887,0
10189,0
13191,20
54656,13
12043,0
7888,5
47241,20
6166,0
46393,13
59149,20
38942,20
53473,23
59975,13
52793,20
10142,20
9778,0
2390,20
29468,13
35037,13
47417,13
23152,20
50692,16
18921,0
10370,0
25097,20
5141,13
24383,13
50454,16
43271,20
27734,20
14724,13
45186,13
57443,13
10384,13
33106,13
11256,13
31235,0
13959,13
7040,20
15292,20
14340,20
53487,16
20175,0
57027,20
58853,20
20949,20
21295,20
52767,20
12285,3
55542,13
50030,3
17757,20
47027,13
5585,20
40030,0
10740,20
23750,20
9946,13
51370,13
54602,13
3440,3
32074,0
14784,13
53043,13
23106,13
12641,0
55186,13
26474,0
54054,13
56703,13
11202,13
18981,0
28728,0
13555,20
40692,20
5115,0
14542,13
49975,0
49149,13
44656,13
25453,20
58807,13
52501,13
39830,20
14314,0
46333,20
40659,0
4830,3
7689,0
3229,13
9713,0
18176,20
45925,13
45119,13
25498,13
37961,20
24778,20
17768,13
9377,13
13932,0
2559,0
39033,20
45589,20
57870,13
14119,0
58236,20
28141,13
52368,13
19262,0
13758,0
16018,3
34348,0
2901,13
8407,0
57428,13
58460,20
25834,13
4696,20
14313,0
22671,13
9189,3
31266,0
23591,13
2753,0
55511,13
39239,13
33703,20
57246,20
36271,0
20314,0
35090,13
55949,13
6797,20
15497,20
11205,13
14777,13
46750,20
19854,0
50635,16
34370,13
2105,3
13552,28
23101,20
12646,0
55181,13
1546,20
4808,3
20784,13
45313,20
24116,13
56536,13
4206,20
51713,20
30724,20
27793,20
37959,20
15235,13
53420,13
6135,0
35632,13
26225,20
17750,0
51145,13
43480,28
56360,13
5582,20
55378,13
49727,13
25833,13
36418,13
22018,13
55976,13
50438,13
27932,0
28146,13
46139,13
19433,20
8064,20
56199,13
41912,20
52539,13
58003,13
20119,13
26814,0
50894,13
9370,13
29252,20
32428,0
3820,13
17905,13
24129,13
58493,0
32870,20
59541,20
55982,13
54850,13
42109,0
33351,20
52366,13
50431,28
7673,8
27563,0
50603,16
43214,13
27751,20
39459,0
52968,13
52154,0
15693,13
36411,13
44031,20
14741,20
7025,0
22647,20
5772,0
20110,13
14325,0
39801,13
58238,20
5540,20
36247,0
4492,20
49944,3
51187,16
42590,20
50869,13
9977,20
23761,20
47224,13
8099,13
40001,20
4654,20
35436,20
6331,0
47016,13
17766,20
3643,20
52392,13
7687,13
54065,20
12670,0
23305,13
46792,13
19896,20
18178,13
26677,20
12442,20
10315,13
31861,13
55518,20
14128,3
37198,13
13903,20
49375,20
9180,0
1789,20
33960,3
28726,13
34379,0
28514,20
13769,13
49523,20
39654,13
52359,13
41588,0
45914,13
17933,0
9722,0
4801,0
40668,0
59745,16
28184,20
24749,20
53429,13
12019,13
48253,13
9174,3
47647,20
23302,13
51722,20
46795,20
23130,20
42107,0
32614,20
44694,0
15036,13
23554,13
3644,20
28980,13
18729,13
36086,20
39208,20
25657,13
48891,20
2762,0
9984,13
31257,0
57879,28
6594,0
7446,0
27756,20
19059,13
40496,13
33958,3
21693,13
7674,0
37957,13
29263,13
51379,3
9173,13
48254,20
26825,13
30940,0
18372,20
42138,20
21658,13
53278,13
4208,20
52198,20
59570,20
3811,13
35258,0
17934,3
22029,13
39461,13
59584,20
14779,13
49716,13
20128,0
57846,20
49372,20
19402,13
27903,13
8267,13
48092,13
14913,0
58200,20
28326,20
46359,0
12089,13
28114,5
19653,0
39254,20
52759,20
20379,13
28570,13
3288,0
27538,0
5943,0
39630,13
11268,13
50658,3
28742,13
29456,13
47429,20
22882,20
43089,13
18311,0
59721,16
53029,13
3872,0
20983,20
6158,0
12841,20
26248,0
27994,20
22247,20
3085,0
55315,13
48698,20
43270,16
33107,13
5372,28
36475,3
57670,13
5140,0
14517,0
4092,0
22075,13
50455,13
43042,13
20346,0
13356,20
13958,0
16416,0
33563,0
14341,20
5716,0
41385,13
15869,20
15055,20
37305,13
47240,13
9913,20
10715,20
4630,20
28789,0
56564,13
5988,0
10143,20
22081,13
42958,20
6731,20
3243,13
2391,20
46198,13
15851,20
13994,13
51779,16
49786,13
6709,13
50499,3
22885,28
23957,0
33903,13
28745,13
42994,20
8667,20
49540,8
34914,13
5944,13
28113,5
18786,20
50835,20
46950,13
41349,3
38381,20
7845,13
32214,13
15604,20
4253,0
9128,20
54650,13
38178,20
15260,20
39896,20
38944,13
41382,0
35455,13
3620,20
6194,0
35693,13
22624,20
8832,0
43613,13
19459,0
49329,13
31233,0
11634,20
39862,20
52553,13
57213,3
36224,13
20341,13
49927,13
16623,3
25257,20
5147,13
22072,0
46537,13
55120,13
43045,20
46705,13
34325,0
33100,20
41520,20
3843,20
30778,0
59522,20
4854,20
5986,0
4068,28
18320,0
48450,13
23961,0
9777,3
38343,20
26877,13
27199,20
12870,20
29231,20
7887,3
26279,0
48206,20
14941,0
28125,13
49112,20
20946,20
5718,0
52902,13
25850,13
5972,0
28541,13
51589,3
8651,20
6156,0
12073,0
42703,20
30323,0
51126,13
47043,13
56303,5
20383,0
37334,13
21251,20
50490,16
25295,13
32222,13
40602,13
21407,0
17165,0
23350,0
18911,20
51770,20
2192,0
26622,13
50464,16
30581,20
10186,0
11868,20
52333,20
58609,20
36444,20
37596,13
20521,20
34313,13
7414,13
27704,13
42393,0
57017,13
5727,20
20145,0
38986,20
36020,20
8804,0
13969,13
33760,0
11430,13
20377,13
1989,3
5149,0
49571,20
28774,13
56599,13
20519,20
24985,13
12883,20
7874,20
40098,0
38182,20
41378,13
11408,13
28122,28
54498,20
6952,0
56109,13
4639,20
41982,20
46995,13
18327,0
50007,16
40295,20
11437,13
20370,0
57010,20
58058,0
22615,13
34770,20
50235,20
43622,13
24186,13
25868,20
52106,13
5344,13
50651,13
28579,26
34126,20
7621,20
2353,20
25266,20
4898,13
40437,13
57480,13
24172,13
15635,13
35000,13
16282,13
3275,0
10175,20
59728,16
35464,13
55581,20
32641,13
53676,20
15063,20
58890,13
32473,13
14383,20
15251,13
29209,13
35656,20
43676,13
57878,20
20116,13
36073,20
33501,20
14111,0
20324,0
5546,28
24784,13
25656,20
7211,0
17794,13
44205,20
25232,20
19058,13
50605,13
34340,0
7447,0
36417,20
14747,0
53080,20
25000,3
57420,13
21666,13
6753,20
7681,13
9529,0
18942,0
51723,20
54635,20
53410,13
37969,20
32427,3
54407,20
30142,0
49717,13
49525,20
22814,0
6798,13
30189,20
5579,20
57847,20
29296,3
48067,13
29050,0
49989,13
45778,13
3448,13
6906,0
4209,20
24925,13
17109,20
12649,0
54860,13
1549,20
4467,20
38328,13
3642,13
28986,13
35437,20
26212,0
54632,13
9976,13
28388,20
40000,20
18179,13
19897,20
40464,13
45324,13
41784,13
17303,13
35053,20
51516,20
43215,13
8408,0
34347,0
22222,0
36410,13
52155,13
15692,0
53087,13
32282,13
25235,20
55142,13
5541,20
11464,0
42591,13
13333,20
49945,3
13101,0
22646,20
23794,20
18374,20
54867,20
51529,13
58696,13
37509,20
24922,0
9511,0
19094,13
3817,20
18522,0
8295,0
43488,0
18710,0
37199,20
7827,0
9181,0
55519,13
3689,20
31860,20
14915,0
59582,20
44833,0
49710,13
28727,0
46758,13
14782,20
15650,20
53879,20
24117,20
30725,13
29608,13
18973,0
46597,8
20785,0
21657,20
56705,13
26016,20
12223,3
6306,0
35401,20
59329,20
11694,0
56153,20
32416,0
59927,13
10746,20
30341,0
9940,0
35633,20
43475,28
28944,13
3680,0
56395,13
58801,13
13137,20
27302,13
17597,20
33154,0
13553,20
46751,20
27554,13
55948,13
44234,28
5113,0
15496,13
33366,20
51349,20
29253,20
36089,20
26029,20
39697,0
48432,0
30528,16
55983,13
35268,3
45923,13
5910,20
49514,20
22825,28
27759,20
7449,0
39451,13
28375,20
8859,0
57876,13
37993,20
55173,13
27553,13
34978,13
46564,13
6791,0
50401,0
5114,13
25204,13
57416,13
16026,0
28729,0
5742,0
13130,13
30180,20
19638,0
55517,13
34520,20
23597,13
49974,16
45785,20
58208,20
56392,20
10587,20
21006,20
10741,20
30346,0
54603,20
3441,13
17564,0
47026,13
30948,13
45771,13
21234,0
53614,13
17332,20
32849,20
24110,20
40455,13
56530,13
3819,13
36248,0
58237,20
14118,3
14924,0
50866,13
19607,0
31851,13
7218,13
2558,3
22648,20
16825,13
53089,20
57429,13
52967,13
59781,20
43815,13
28524,13
58495,0
53841,13
14588,20
38742,20
10128,20
32278,20
42933,20
56359,13
18721,13
8096,33
9978,20
11810,13
5935,0
34159,13
55952,13
46579,13
16209,0
31619,0
19073,13
2922,0
29282,0
13911,13
36058,20
56981,20
20901,20
39010,20
14906,20
31873,13
48241,20
42549,13
15478,0
45308,20
23926,20
34991,13
54874,0
7498,13
32854,20
33986,0
39480,13
28961,13
22467,16
36067,20
52522,13
31242,0
19428,0
13112,3
2545,20
22655,20
16460,0
34730,20
15681,3
25014,20
57434,13
27743,20
55363,13
12696,20
46546,13
33343,13
21440,20
37525,20
47652,16
12662,0
34192,0
7695,3
32265,13
56720,20
48870,20
15023,0
40221,20
32601,0
24556,13
56176,13
32433,0
43696,20
29249,20
51353,13
9965,13
48622,20
4028,20
59750,16
20798,20
18360,13
54873,13
3669,20
18704,16
31880,13
23579,0
48246,13
37945,13
11689,0
36897,20
14901,20
19622,0
28959,13
58444,13
53890,20
5932,13
49536,20
55955,13
5793,0
15216,13
10764,0
56171,13
51354,13
23774,20
35423,20
47003,13
56343,13
11484,20
42115,3
26450,20
29418,20
35047,13
4017,13
14592,20
37710,0
1565,28
10300,20
1757,0
33182,0
26662,20
6572,13
43033,0
22838,28
19279,13
5303,20
14754,20
53093,13
11226,20
43201,13
14330,13
39814,20
20939,20
25477,13
8078,20
13115,20
16467,0
8844,3
28368,13
13929,0
28966,13
14102,13
15811,13
24558,0
37973,13
9157,13
17548,0
38563,20
52980,13
3835,13
18356,13
9701,20
23917,20
42920,20
59766,20
39683,20
52148,13
19042,20
13578,0
28705,13
12698,20
55963,13
34168,20
11821,13
9391,20
46910,3
29081,20
41309,20
33729,20
41907,13
36069,20
14339,20
19426,0
49356,28
28361,20
37726,13
21643,20
33386,13
32254,3
12653,0
30731,13
27786,20
15644,20
30355,0
9954,13
17577,3
21015,20
15220,20
32402,0
40022,0
4445,13
15012,0
40210,13
51150,13
43653,13
22664,20
4683,20
24593,0
58815,20
44644,13
33716,20
10594,13
57253,20
13311,20
27918,3
7234,13
46113,20
14550,13
20765,20
33372,20
11022,0
7650,0
46577,13
6782,13
12495,0
7462,0
14762,20
20557,20
39026,13
8076,20
28366,20
9998,20
39214,20
22836,13
55964,13
36638,20
6588,13
35875,20
55990,13
38756,20
32862,13
42329,13
18163,13
48613,20
57891,13
9150,3
26208,13
15816,16
32608,20
46742,3
7465,0
44015,13
59598,13
33147,20
57402,16
58678,0
57630,20
26495,0
46570,13
22035,0
44643,13
14133,13
56386,13
11441,13
29885,13
31274,0
17584,13
16456,0
52514,20
14301,0
53600,13
15829,0
12230,13
48846,20
23745,20
10755,13
26653,13
12466,13
17928,3
6543,13
53056,13
21476,13
1766,0
32253,13
42124,13
42918,20
22061,13
29489,13
7603,20
34938,13
9799,0
2371,13
37781,0
52316,36
14731,20
52124,13
45193,13
22253,13
8479,0
2143,13
30796,0
58846,20
50217,20
13170,13
7267,20
12290,3
25620,20
15889,20
52772,20
39885,20
53466,16
9907,13
23711,20
46386,0
55791,13
34594,13
47066,13
12264,0
56326,13
24706,20
10533,20
4416,0
45731,13
35022,13
47402,20
23147,13
11085,0
32207,13
24150,0
10365,13
37547,36
3859,0
18934,0
47630,20
38392,0
40288,20
8210,20
22608,20
54688,13
6984,0
3892,13
2940,0
34309,13
8446,0
49761,13
9594,0
52927,13
45990,13
5359,33
39624,13
34907,13
43069,13
48481,13
29670,0
2188,20
24953,13
15628,13
10168,20
11886,20
42973,13
28590,20
22896,13
14990,13
24739,20
58283,20
20399,13
53459,20
38968,13
35217,20
18933,13
12435,13
9558,33
35025,0
17711,20
34593,13
7294,0
27184,3
18759,13
54476,13
12263,0
42513,13
1163,20
10706,13
4623,0
39882,20
53461,13
51336,13
6948,0
43435,13
13345,20
12297,13
8228,20
31015,13
39278,20
44610,13
20355,0
25415,13
20167,0
34755,20
50210,20
27342,20
13177,20
14736,20
44046,13
16061,3
43263,13
30791,0
55134,13
43051,13
2376,13
41706,13
25243,26
23729,20
18554,28
9103,13
19486,20
20990,20
38153,0
14997,13
27987,20
18766,13
12638,0
35826,13
42148,13
8687,20
30568,20
23943,20
29677,3
24954,13
25886,20
4882,20
58614,20
42980,16
55339,13
27719,20
9593,0
13974,20
49302,13
31218,20
59190,20
39247,28
10502,0
33780,13
37320,13
30939,13
13989,20
58883,13
56125,13
59951,13
56919,20
18905,28
17171,0
48649,20
12403,13
26636,20
32004,13
24161,13
15626,20
1531,0
40616,13
4043,20
22898,13
42141,13
50642,13
27710,13
8448,0
11272,20
25275,20
56787,0
43067,13
31447,20
57231,13
35483,20
50014,0
31023,13
49139,20
16433,0
33546,0
57003,20
38992,20
36034,20
45169,13
3857,0
41991,20
18562,20
30308,0
26863,13
17718,13
30906,5
19682,13
18750,0
38357,3
15873,20
59360,0
20952,20
36837,13
41159,13
57800,13
12890,20
55559,13
44619,20
14169,20
55901,13
22853,28
5966,0
25844,13
2971,0
30798,13
19020,13
31216,13
27373,0
39249,20
20364,0
49902,13
16606,23
46176,13
7251,13
34556,20
8219,13
31024,0
26093,0
27141,16
43404,13
36665,20
52320,20
20700,20
14535,13
50477,16
2347,0
43060,13
3295,20
17182,0
51797,13
45999,13
4282,0
5350,20
33919,13
32231,13
1536,0
24354,13
10161,20
5196,0
23171,0
42146,13
35828,20
6521,20
47606,20
11281,3
38539,20
15621,20
25888,20
56122,13
38961,20
15245,13
15077,0
35470,20
17720,20
29813,0
55595,13
30102,3
41708,20
58625,20
31827,13
26890,13
34569,13
57209,3
21289,20
8828,0
31229,13
13179,20
29010,20
26058,0
15874,20
15048,0
59969,13
56921,13
12863,20
48215,20
18565,20
3850,0
43897,0
4847,13
1758,13
24906,13
32863,20
3833,13
29625,0
18350,13
48420,0
23911,13
9707,20
4018,20
23549,13
18734,0
51955,20
15817,0
59304,0
6119,20
12800,20
29241,20
8083,28
27921,13
28155,20
31844,13
28969,13
8245,20
20936,26
5768,3
46318,13
19420,0
8077,20
33179,13
38591,13
52972,13
19878,20
2915,0
35880,20
58646,0
17571,0
12003,0
31281,0
11686,0
57093,13
25681,20
40216,13
24753,13
15014,13
47033,13
30161,20
43493,0
15470,0
3202,0
54040,33
34397,13
56525,13
11024,0
41754,20
22034,13
16201,0
7656,13
49539,20
31423,0
27546,0
2324,16
19847,0
22206,0
16033,0
31611,13
2116,3
43231,20
25023,13
59599,13
36434,20
7000,0
31275,0
39824,20
56989,13
46115,28
7232,20
2740,13
1599,20
44810,13
2912,20
28704,0
8414,13
39020,20
37986,0
44448,13
19427,0
28152,13
50874,13
19615,13
8242,13
21817,20
37972,20
47239,13
30159,20
9364,13
53639,13
26458,20
35873,13
59767,20
45338,20
49966,5
2747,0
13122,13
24592,0
39823,13
11211,13
14763,13
20556,20
52176,20
25216,20
15483,13
52344,13
35084,13
16206,0
34156,20
7497,20
34390,13
17112,20
1760,0
40447,20
41595,0
53050,13
52182,0
15645,3
4020,20
15013,0
35414,20
43494,0
42546,13
8887,0
29279,0
12838,20
35626,13
9169,3
11681,0
24566,0
21014,13
15221,13
53434,13
28356,20
25449,20
39016,20
14900,20
28164,20
43469,13
40688,20
27548,0
2118,3
8422,20
19075,0
11218,13
58445,13
34997,13
12831,20
6128,0
37944,0
21821,20
36298,13
23578,20
18705,16
6587,0
46772,20
27745,20
18198,3
46540,13
2315,13
41765,13
25220,20
11015,0
1590,13
11829,20
22461,13
9399,13
13326,20
24796,13
41301,13
11471,13
33513,20
58822,13
14331,13
44441,28
13928,0
9997,20
31244,16
43664,0
2543,20
22495,20
12200,0
2785,0
15819,13
56342,20
44687,16
24550,0
38933,13
5792,0
4640,20
21022,0
6117,20
23775,20
3465,20
12032,13
10301,13
21446,13
17124,20
42326,13
12456,20
26663,20
23123,13
35046,13
30534,16
32263,13
24306,13
52386,13
14593,20
38305,13
18702,20
48072,13
18968,13
7499,16
38761,20
54049,3
2923,0
16806,13
44821,20
53896,20
59590,13
52178,20
33973,0
25218,20
54881,13
34158,13
46578,13
58214,3
45799,20
7009,0
34193,0
23124,20
27584,0
30533,16
42113,3
20593,20
23316,13
26664,20
24557,0
40012,20
5795,0
15210,0
4647,20
6110,0
12035,13
3462,20
47005,13
31085,13
57297,0
45752,0
33514,20
25471,28
41908,13
46311,20
7036,11
13113,0
49957,13
51194,16
50046,16
55534,20
20331,0
34167,13
50422,13
12697,20
35889,13
41762,23
20755,20
40482,20
25829,13
20567,20
53095,13
19871,20
7452,0
2120,0
43207,13
26690,13
3052,0
18903,20
17177,0
51762,20
45150,13
53809,13
21627,20
37742,0
24355,13
14998,0
13381,13
17721,2
6376,20
26254,3
12061,0
30331,13
38960,20
56123,13
36200,13
33772,20
39248,20
12095,13
2510,20
22600,20
7062,20
20157,0
5735,20
58871,20
49769,13
7406,20
33918,13
44076,13
48489,13
46513,13
58086,20
18564,20
6947,0
29223,13
46980,20
6349,20
37319,13
59366,13
42178,13
4846,0
4248,0
9557,20
17974,20
47638,13
3851,13
9791,0
2379,20
34930,13
49564,13
41709,20
58072,13
52548,3
38197,20
21886,13
31228,13
18590,13
19670,13
16638,0
31826,13
57208,3
52326,20
14533,0
30594,20
7633,3
13524,13
16056,3
37583,20
20534,20
12092,13
7065,20
44415,20
14365,13
52570,20
33547,0
14157,20
20362,0
44627,13
11425,0
28933,0
43402,13
50829,20
49904,13
6385,13
35644,13
9937,0
47264,16
53456,20
15243,20
58882,13
38369,20
10503,0
46184,13
17726,2
23177,0
35012,13
30752,13
3055,0
51765,20
4270,20
56540,13
8220,13
14168,20
36238,13
36836,13
7866,13
50218,20
33920,13
30799,0
16855,20
11842,20
15618,13
59537,20
44886,0
9762,20
42943,20
29472,13
46987,20
47069,13
30907,13
38958,20
53469,16
5704,1
20166,13
21888,13
35686,20
54483,20
52774,20
51595,3
7605,20
14505,13
52310,20
24390,13
25242,20
31642,0
49758,13
7437,0
46710,13
3251,13
26433,20
35024,0
47404,20
37541,20
53004,13
45161,13
36493,13
12434,13
26601,13
3063,0
23373,0
18932,0
59966,13
56112,13
6949,0
23717,20
51337,13
51939,20
29823,0
45737,0
4410,0
15047,13
24700,20
28750,0
34901,3
28562,13
18793,28
49303,13
28334,20
8818,0
57837,20
20159,0
37328,13
14996,0
18767,13
48017,13
51906,20
26068,0
29020,3
9102,13
23728,20
7098,26
39080,3
37926,13
38152,0
16897,20
31689,13
9566,0
47609,13
45962,13
5199,0
1539,0
12639,0
48473,13
29444,13
16299,0
12265,13
17717,20
30909,0
23522,13
34595,13
47067,3
56115,13
59961,13
26262,0
6172,0
53003,13
21423,13
25083,20
54226,13
3858,0
16093,20
6516,20
49599,13
30551,0
35023,0
22094,13
54828,20
6724,0
4073,20
32206,13
57457,20
10390,20
56585,13
55300,13
17989,20
43265,13
16067,3
22060,13
27176,0
19679,13
55556,13
22404,0
53493,16
58847,20
33576,0
18599,20
27344,13
31221,3
50216,20
7054,0
11887,20
17942,0
24952,0
45965,13
30338,0
42718,13
29215,13
12854,20
4428,0
9337,0
13388,20
51901,20
54689,13
22609,20
36209,13
44629,3
50827,20
8211,13
28101,5
5956,0
19222,20
8675,20
34906,13
8447,0
16058,3
16318,0
55843,13
54991,13
28625,20
16916,0
43328,13
39565,20
52068,13
19506,20
7925,0
56890,13
2659,20
50955,3
51887,20
19734,13
9077,13
59010,20
15931,0
16788,33
18612,0
48162,20
12328,0
59646,13
29531,13
18276,13
34880,20
48506,0
17830,13
10229,20
33897,13
32945,20
2666,20
31161,3
24681,20
5443,20
11754,0
57141,13
7126,13
43773,0
3586,13
57525,13
40592,0
11330,3
14642,0
19961,0
22320,0
16115,20
22112,13
27460,20
43125,20
57717,13
25337,13
14470,20
5027,3
33094,20
56403,20
35363,20
30611,20
13493,13
17201,0
23808,13
10818,0
54502,20
29956,13
3740,20
53727,20
10672,20
38018,20
57989,13
17457,20
47327,20
43787,20
26310,0
12125,13
42209,13
18043,20
38444,20
39596,20
32942,20
24229,13
58793,0
59641,13
4139,20
17239,0
47549,20
23830,20
6038,0
37854,20
20219,0
43579,20
48191,20
16549,0
46239,0
42699,20
57179,13
50738,28
49615,20
54398,13
44936,13
33864,20
21132,13
5682,20
37057,20
48368,13
17662,13
6235,0
22585,13
54505,20
26125,0
31192,20
3747,0
11595,13
21300,20
7783,3
17206,20
26541,13
10023,3
38649,13
41681,20
10211,33
56404,20
52898,13
37433,20
4334,20
51621,13
12546,0
46450,13
12780,13
19368,13
43122,20
2205,0
57710,13
33067,0
52050,13
55275,13
25566,13
7121,20
17696,20
46034,20
9289,0
27003,3
33631,13
12319,13
49081,13
57389,20
59021,13
28284,20
18411,20
23208,0
26548,13
4933,13
15558,0
35399,20
22920,20
50158,13
27836,20
8352,20
33638,20
49247,20
8160,0
10015,0
33297,0
4130,13
30412,3
7587,13
56432,13
15755,0
52092,13
29369,13
23653,0
26321,13
10643,13
11791,0
32513,20
4766,0
32721,16
17654,20
57342,16
56290,5
14025,20
49876,13
22547,20
53386,20
43928,13
16316,0
22311,20
19950,0
46654,13
54391,20
31706,20
12584,20
32183,20
57514,20
37891,3
39137,13
57974,13
58100,29
46208,20
28277,20
7913,0
49240,20
19702,0
28421,20
5812,13
44309,3
44907,0
38481,13
28613,20
16920,3
55881,13
19392,0
4934,13
38647,13
52896,13
45821,20
53944,20
48702,20
42238,3
21900,13
12910,0
28283,20
8193,0
3749,0
48154,20
38223,20
10449,0
34273,0
22316,0
57721,13
36716,20
20217,0
49871,13
7322,20
29994,13
31157,20
28846,13
57177,13
56899,13
36140,20
40306,20
56263,13
37254,20
21331,20
6204,0
50194,20
17653,20
54534,13
6036,0
2496,20
48359,20
32514,20
56051,13
10220,13
14680,0
32342,13
38678,20
20687,13
17237,0
3312,20
12745,28
29598,0
51482,3
36742,3
37690,20
25355,20
5879,0
45082,16
56495,13
43375,20
55210,13
28678,3
22342,0
40194,0
33466,20
25503,20
46263,13
34643,20
12381,13
49019,20
49825,20
47183,13
21391,0
53577,13
21157,0
40160,13
3510,3
13095,26
9218,20
29108,13
17607,20
47177,20
4507,20
2294,20
26524,20
12711,20
24273,0
53113,13
5283,0
56461,13
25193,20
1623,20
44998,20
10274,20
14875,20
31900,5
33459,20
16974,20
28647,13
25964,13
39507,20
48590,20
31558,3
8765,20
55821,13
2099,13
49684,13
25990,20
45049,13
11399,13
38421,20
59624,13
48564,20
35930,13
29553,0
59240,13
51811,13
35568,20
29137,20
42608,13
19590,13
56806,13
21954,20
15701,0
25194,20
40503,13
30674,20
18822,20
6401,20
29759,13
2293,13
3341,20
22183,13
45243,20
21706,20
4958,13
10041,13
24274,0
42402,13
53742,13
10425,0
24610,0
41889,3
15365,13
45415,20
24422,20
32547,13
56002,13
31104,20
49822,20
34476,0
5426,20
44701,20
57316,16
13066,13
7143,13
52032,0
5270,20
44157,20
25160,20
11355,13
2055,0
19138,13
55217,13
3187,20
50765,28
2869,20
22345,13
27405,3
23899,13
42092,20
55025,13
50557,13
17290,0
51485,3
7715,20
11167,0
19597,13
6866,3
1871,0
45618,20
14886,20
51816,16
11990,0
59623,13
10842,0
5089,0
42059,13
22980,13
29554,13
48751,20
18021,20
16987,20
24845,20
11158,13
33208,0
50568,16
43943,13
55826,13
55228,13
8550,0
51688,20
44168,13
39500,13
6892,0
47389,20
39958,20
38284,20
19751,0
42606,13
47374,20
45423,20
20888,20
12512,20
31790,0
54307,16
6437,20
57582,13
24070,13
1612,0
5080,20
4152,13
13434,0
46636,13
51681,20
17094,20
4394,0
36541,20
56696,13
27433,20
43176,13
22141,13
52652,20
14047,0
5410,11
44737,13
25700,0
26185,20
32585,3
25532,0
36919,20
33457,13
29562,20
23058,0
44996,20
17863,16
54338,13
18017,20
6408,28
38848,16
21965,20
42639,20
46299,13
18641,0
47945,20
9216,13
30817,3
4509,13
1847,0
57911,13
58165,20
21991,20
20843,20
58959,13
26388,0
19767,13
55448,13
27854,0
22942,20
34827,20
17299,13
28444,20
58501,13
25955,23
44962,13
19131,20
49641,20
17897,13
48793,13
2860,0
43727,20
31307,13
46255,13
38884,13
52655,20
20275,20
14040,0
41242,20
25707,20
6292,0
31909,16
45286,33
56691,13
3384,13
22146,20
20423,20
58539,20
37652,20
21737,20
45272,13
4969,20
23060,0
47525,16
31797,0
44192,20
15730,20
1615,0
38428,20
10242,20
45424,13
14286,3
37004,20
40156,20
45616,20
37236,20
20281,20
53773,13
26176,20
44965,13
22945,13
28027,20
25738,20
39969,20
57916,13
13068,20
31338,3
49222,13
28215,13
12986,13
48136,20
59276,13
59044,20
10619,20
23609,13
45843,0
17864,13
2893,20
17058,20
12718,13
29565,13
42854,20
59612,13
5884,0
38625,20
47579,20
29506,20
4109,13
10810,0
3748,0
51844,13
48155,20
9272,20
57981,13
37864,20
46807,20
28878,13
13239,20
29196,13
28044,20
17699,20
30887,0
27830,20
39304,28
39136,13
13837,20
33854,13
52863,20
22926,13
49417,20
28420,13
42662,13
6037,0
56050,13
36989,20
5480,20
21330,13
49884,13
51047,16
47122,20
4136,20
20686,13
38679,20
12744,20
47546,20
17838,20
17004,20
45023,13
15753,0
10221,20
36717,20
50737,28
34616,20
28249,13
44561,20
56898,20
20818,20
33433,20
57176,0
41221,20
3783,0
30084,26
22541,20
34424,0
28427,20
46458,13
57718,13
32981,0
25936,23
58562,13
33853,20
49622,20
44559,20
49074,13
22579,20
21906,13
56068,13
18410,20
35708,13
12318,13
21308,20
38225,20
15901,20
19394,0
39793,3
52890,13
9423,0
57343,16
3784,0
27034,13
48199,20
7324,20
34423,0
50166,13
19509,20
42691,20
7116,20
17493,20
34611,16
5641,20
39932,20
33434,20
22310,20
36522,20
14672,0
32182,28
33050,13
52255,16
25307,20
33262,20
2232,0
8708,20
43929,13
16317,0
30621,13
19199,0
23236,0
7586,20
45024,20
32176,20
45216,13
10828,0
56601,20
54156,13
48509,13
12743,28
26112,13
16787,26
49883,13
30245,13
41821,13
14811,13
13208,28
43578,20
8365,20
46836,20
28075,20
38683,20
22917,20
19356,13
7749,0
43920,13
49614,13
28623,13
25900,3
4904,20
13698,20
34886,20
9627,13
42806,20
48732,20
29705,13
33891,13
56862,13
11799,13
36987,20
40309,13
9243,0
30842,13
48958,20
57523,20
44908,0
55274,13
34243,0
22928,20
13653,28
7776,20
36726,20
57711,13
27002,3
50150,20
16745,20
14012,13
11560,13
41210,20
56095,13
57147,13
33402,20
46207,20
8954,3
2694,20
31193,20
12311,13
48967,20
17663,13
26918,13
44796,16
10674,13
54736,20
24819,13
15762,0
52899,13
27492,20
34085,13
6650,20
17207,13
38648,20
10022,13
41680,20
5489,0
25799,20
30845,13
29154,13
19197,0
18045,20
7588,13
10228,20
59647,13
49613,20
19163,0
2832,13
20449,13
59481,20
39564,20
53389,13
57729,13
39332,20
2658,20
19735,0
46831,13
49879,13
8150,0
44568,28
3325,20
23809,13
55889,13
51415,13
34082,20
37607,20
21762,20
10025,20
45829,20
56066,13
32523,8
43786,20
50391,13
26123,0
29957,13
31194,20
48960,20
47114,20
44791,16
39903,20
20012,13
30280,20
7127,13
43540,13
55425,13
50157,20
46032,13
22577,0
14015,20
33637,13
43124,13
22113,13
16326,0
28429,13
5026,0
36513,20
15791,16
52056,13
38489,20
57524,20
25104,20
41441,20
43316,0
22321,13
18812,20
12514,13
42264,3
10243,20
53918,13
15731,20
45041,20
37653,13
36781,13
21736,20
43184,20
59248,20
21352,20
47140,13
48934,20
35560,20
18678,20
30012,13
48108,13
17402,13
6055,0
7187,3
26345,13
12170,0
56032,13
15355,20
25706,0
57326,16
20274,20
49812,20
28825,3
22711,20
27263,0
2859,0
17092,20
19108,0
2065,13
57570,13
37495,13
14617,13
4392,0
22147,13
50567,20
31550,0
27435,20
40168,20
3518,0
30811,3
59277,13
9674,3
38624,13
57789,20
59613,13
24049,0
38416,20
29756,36
17059,20
2892,13
48761,20
50558,0
8752,20
49475,20
34821,20
2268,20
5871,20
11954,13
19137,13
36920,20
39968,13
52459,13
28026,13
46865,13
39366,13
5849,0
11150,20
46405,20
23092,28
13607,0
7510,3
34217,0
13435,0
2062,0
57577,13
25157,20
14610,13
8900,0
54796,3
7948,0
41244,20
11534,13
52653,20
53781,13
27056,13
19759,13
31133,0
12177,0
56035,13
10620,20
45422,20
53775,13
1879,13
48933,20
35567,20
51022,16
10076,23
32326,13
15504,20
45274,20
11998,13
51446,3
47523,16
3376,20
22988,0
3978,0
22386,13
42263,3
10244,20
24071,8
27855,0
31930,20
50907,13
46862,13
49016,20
36329,20
44709,20
14079,0
36927,13
39153,13
41049,13
58164,20
6099,0
28213,13
12980,20
18486,3
25168,20
39537,16
52806,20
28677,13
19302,20
43148,13
38411,20
2895,20
18016,20
29563,13
42852,20
43980,20
49486,20
9673,0
40739,20
32319,13
15963,13
24618,20
59042,20
40953,20
9819,13
12974,20
53585,20
57919,13
49823,20
47185,20
39368,13
36320,20
17291,0
7714,20
46433,13
16343,13
2266,13
58509,13
5271,20
34221,13
19905,20
7526,13
13403,0
2054,0
30681,20
47515,16
57787,20
24047,0
53115,13
6400,20
29758,20
35307,20
45414,20
15364,13
23606,20
26146,3
29932,13
30023,20
53743,3
52691,13
28641,20
27609,3
45887,20
14619,13
39733,0
41629,3
43942,20
31906,5
34448,20
8307,13
8909,20
28225,13
13058,13
58152,20
37239,13
58394,13
27897,13
12942,0
9013,13
32579,16
3971,0
18020,20
56458,13
24078,20
25398,20
38615,13
28487,0
35936,13
22981,20
8797,0
7383,20
6251,0
47176,20
17606,20
30818,3
9219,20
1848,0
32541,20
17434,13
56460,13
10275,20
1622,13
5282,0
26717,0
42060,20
57780,13
10047,0
45245,13
21700,13
10281,20
44151,13
43374,20
50551,13
46434,13
7713,13
27403,20
9689,0
2261,20
26989,3
46050,13
47182,20
12380,20
11505,20
58358,0
44535,20
53582,13
8931,20
34642,20
31330,20
43710,20
10844,0
23068,0
8790,0
3976,0
29760,13
38420,20
45048,20
12945,13
9828,0
12179,0
19591,13
6860,0
26942,13
9226,0
39162,0
11708,0
36916,20
58155,13
18685,20
39734,0
58703,13
28474,0
19333,13
49671,20
52837,20
45880,13
46828,20
29985,20
52626,20
45691,20
4784,0
33423,13
43754,20
50343,13
22763,13
7101,20
20450,20
33047,13
19946,20
22135,13
50515,16
6685,0
15585,0
25310,13
45033,20
39589,20
3131,0
34296,13
3303,20
51433,13
4126,13
24236,13
30060,13
47132,20
15115,3
21320,20
15929,13
56272,16
10467,0
40317,20
59834,13
47300,20
8981,13
34853,20
8512,20
26798,13
19979,0
38490,13
34639,20
57159,16
39314,20
50972,16
13229,13
19713,0
8344,13
17689,13
6824,13
26308,0
37874,20
9606,0
17817,20
30609,20
29724,13
46689,13
59453,13
53535,13
38804,0
32502,0
59833,26
12105,13
8986,20
17645,20
45662,0
21327,13
56275,13
24655,13
12753,3
18269,13
53363,20
37626,13
45206,13
4121,20
40774,20
56611,20
7596,0
43939,13
14450,20
14662,0
20457,13
36532,28
11310,3
52413,13
41004,20
57161,0
58915,13
50344,13
29982,13
27818,20
16763,20
49867,13
18858,0
58586,13
38463,20
32159,13
10807,0
45239,13
41699,3
23817,20
18632,13
48370,0
6823,13
17448,20
47338,20
56078,13
24458,20
38007,20
58324,20
41209,20
2679,0
27827,20
28053,20
49858,13
31942,20
48384,3
27229,20
23689,20
19142,13
43308,13
25926,13
58740,13
11921,20
59692,16
16338,0
46448,13
14492,13
37610,13
32362,20
10032,13
34095,13
17217,20
12557,0
19983,0
51630,13
10200,20
26306,0
30263,28
50386,13
17441,13
6016,0
10664,20
24451,20
45654,16
15124,3
57391,20
3756,0
49099,13
2684,0
26908,13
13015,13
22752,13
57157,13
14002,13
5455,20
24697,0
55432,13
16755,20
29188,20
49851,20
7302,0
17687,20
32396,0
50524,16
43301,13
18604,20
59006,13
38031,13
2489,20
18436,13
12568,13
23821,20
42816,13
4914,13
52842,20
41469,20
33049,13
53990,20
16900,0
2825,20
18294,13
8711,20
55069,13
40789,20
8375,20
31974,20
28257,13
13476,20
43306,13
15781,16
14653,0
44123,13
14461,20
25326,13
33243,13
54183,20
47594,13
16336,0
57362,16
14839,20
11577,0
2677,0
27829,20
3597,20
22755,13
8943,0
50375,28
52422,13
37889,13
56082,13
10451,0
56244,13
31184,20
48970,13
6223,0
30264,13
6011,0
9865,0
57998,13
4746,0
21124,13
40113,20
56076,13
32533,13
42220,0
3107,0
6475,0
51637,13
15775,16
56412,20
10207,20
4110,28
45237,8
41697,13
40745,20
23819,20
54177,20
26557,28
6647,20
34092,13
8140,13
46821,20
50178,20
14806,20
34865,13
8716,0
46479,13
5009,20
39746,13
18267,0
33288,13
14698,0
56875,20
24469,20
36990,20
6812,28
48341,20
8988,13
47309,20
48173,20
16799,3
30855,13
21329,20
59233,13
15920,13
59293,13
31927,20
8326,20
46875,13
12997,28
21987,20
7538,13
19127,20
16953,20
29580,0
55806,13
9690,0
28694,13
17049,13
48771,13
8584,0
56479,13
24059,0
41298,20
15974,0
30801,0
18657,13
29322,0
23618,13
3508,13
40944,20
59055,20
34032,20
27425,13
48588,20
41637,13
4382,0
14607,13
46620,20
13422,0
58970,13
36133,20
31918,20
34456,20
53796,13
36301,0
56022,13
21170,0
42610,13
27287,0
27889,13
42422,13
51809,13
55495,13
13280,20
14899,20
33687,28
4520,20
45607,20
47534,20
56674,20
4978,13
56446,20
53134,20
35326,20
29779,13
51663,20
6841,13
39385,13
56228,13
54927,0
42842,20
48544,20
28693,13
59436,20
11943,20
23881,0
31578,0
17886,0
8113,20
58948,13
36937,20
21980,20
14069,0
27845,13
46872,13
1603,13
53133,20
51664,20
35321,13
48749,20
31781,0
50584,16
47533,20
6614,0
56673,20
10066,0
24253,20
48923,20
26160,3
29914,13
54540,13
56217,13
20297,0
15170,0
20899,13
32560,13
59851,20
39188,20
38866,13
9836,13
26352,16
22534,20
19749,0
5401,20
59099,5
31311,13
34035,20
16365,0
43167,20
31547,0
56687,13
57755,13
42874,20
8787,13
25388,13
38437,20
24068,0
29777,3
31788,0
18030,20
14299,0
51209,16
27289,13
27887,0
29121,20
15179,0
31318,13
8125,20
27873,13
31916,20
18692,20
39347,13
57338,16
14863,20
44945,3
39511,20
58526,13
19116,20
9493,13
56221,13
10434,0
21373,13
52681,13
47161,20
6246,0
35541,20
7394,20
18659,20
3734,20
17423,13
33484,20
10606,13
21141,0
41898,20
6410,13
42245,13
26700,13
38408,20
4949,20
4175,20
35125,13
22192,13
17275,0
12707,13
26532,13
54112,20
46611,20
50774,13
55206,13
43363,20
20403,13
44146,13
46423,13
16353,0
34003,20
41262,20
21387,20
49833,20
28804,3
31115,20
35787,20
46275,0
31327,20
40182,0
57909,13
44522,20
57569,13
52827,20
25149,20
29784,0
49661,20
42887,20
22962,20
19323,13
13619,0
8310,33
19747,13
39340,13
38292,20
40388,13
58979,13
41854,13
58145,20
6884,0
7956,0
47159,20
56219,13
1867,0
21179,20
59063,13
38868,13
13887,0
42619,13
45864,13
37478,13
3966,13
26738,13
54318,16
51458,16
29542,0
23844,20
10068,0
46272,13
31320,13
59894,13
53592,13
11515,20
25720,20
57300,20
14067,0
47192,20
22505,20
49834,20
46040,20
26999,3
31112,13
12390,13
24296,13
11171,0
5054,20
7703,13
42084,13
31576,0
46616,20
19912,28
43364,20
13414,0
25176,20
36561,13
21710,4
17272,0
54115,20
3959,13
6417,20
25182,20
9807,0
47354,13
26363,0
20094,13
4516,20
45631,16
52686,13
14093,0
51003,16
35546,20
29925,20
12364,20
9864,0
17447,13
6010,0
42645,13
24457,13
38008,33
21125,13
24665,20
35525,13
3750,0
54512,20
47561,20
17211,13
7794,0
54176,13
27484,20
26556,20
6474,13
56413,20
57707,13
44310,0
46447,13
13645,20
12797,13
55050,13
31727,13
11320,3
25115,20
20467,20
7136,3
34631,20
43763,0
44546,20
49857,13
55434,13
33887,13
7599,20
9403,20
27689,20
29521,20
48516,13
45209,13
37629,20
16798,3
48172,20
38205,20
25788,13
21328,20
24468,20
38037,20
36991,13
4778,0
51897,20
49054,20
46820,20
50945,3
44579,3
13810,13
49266,13
33873,13
13448,0
31718,13
34058,20
43936,13
25318,20
44773,20
20236,13
7303,23
13226,20
13014,20
44541,20
50717,13
11327,3
41665,13
49408,20
6473,0
17024,20
30606,20
3101,0
52888,13
21546,13
10033,13
27483,20
4572,20
48976,20
6225,0
49098,20
28893,20
50989,16
54727,13
43790,20
4740,20
41468,20
33048,0
44926,0
58545,20
28632,3
19949,13
19175,0
57169,13
7932,3
19511,20
28064,5
28858,13
58313,13
22798,0
12931,0
30853,13
48949,20
10468,0
40318,20
17229,20
54972,13
35179,20
56619,13
38666,13
4129,20
39586,20
32952,13
33041,13
11311,3
7563,13
18892,13
31716,20
43336,13
6683,0
55061,13
2223,3
33273,20
5006,13
20664,0
50177,13
2647,20
13210,20
3795,20
29983,13
25772,13
56280,16
58914,13
33425,20
4782,13
44577,20
16550,0
42680,13
28099,20
23471,13
6213,0
51051,16
49892,13
56274,16
4544,20
53706,20
51263,20
54711,13
4312,20
52082,13
7597,13
18866,3
17012,20
54375,20
51435,13
47550,20
42022,20
54147,13
13680,13
10005,13
32355,13
45207,13
7138,13
48385,3
20831,13
44548,20
57963,13
50148,20
57709,13
25329,20
46449,13
55862,13
19371,20
12799,20
22930,26
44910,0
4923,20
15548,13
45238,0
55896,20
9600,0
48527,20
54178,20
38462,20
32158,13
59455,20
17449,20
18401,13
56079,13
4749,0
49091,13
17227,20
42025,13
34899,28
40772,20
24237,13
20697,20
39588,13
14690,3
52085,20
45032,13
34297,13
12567,0
42217,13
30637,20
24461,8
15326,13
21113,0
44584,3
12103,13
51056,16
12331,13
56273,16
25781,13
40316,13
57167,16
4785,0
44570,13
17485,20
28258,13
8148,0
49861,8
27022,3
30095,13
43567,20
57355,16
6684,0
2224,28
41654,13
53391,13
14456,20
33046,13
5233,0
43331,13
27674,20
30862,13
26907,0
18634,0
9051,13
8183,0
42228,0
4118,20
59660,13
35148,20
54943,26
26799,13
41459,20
33845,13
32399,0
39771,0
11927,20
7769,20
22937,4
24698,0
20238,13
28055,20
29187,0
13228,13
46816,20
30298,0
20836,13
58110,13
21178,13
53558,16
6871,0
12954,13
9237,0
20298,0
37479,13
15729,20
32937,20
11389,0
26739,13
54319,16
18036,20
9461,0
3967,0
19322,0
52228,20
57568,13
25148,20
46628,13
11719,0
8123,20
13872,0
28233,13
22709,13
40389,0
43391,20
35311,20
37446,20
15716,20
56471,13
44386,13
15524,20
57791,13
49499,20
22194,28
51466,13
54928,0
52687,13
45630,16
14092,0
56227,13
24607,3
27082,13
42415,0
3732,20
17617,20
30809,3
51002,13
54742,20
26362,0
17425,13
46287,13
56829,13
57301,20
33644,20
2614,13
43533,13
12391,13
55456,13
49835,20
34653,20
36104,20
53593,13
59895,16
58947,13
17889,0
19913,13
7530,13
20405,20
14630,13
5267,20
56485,13
25345,20
9698,20
27412,3
22160,20
17287,0
19741,20
27872,13
5409,13
58143,20
39174,13
19573,3
28234,13
36558,0
39510,20
55238,13
2846,0
19325,0
48587,20
22158,13
33218,0
5851,13
11148,0
4379,0
53907,13
49693,13
22990,13
12739,13
18203,20
48573,20
28496,3
4977,13
25389,13
9230,0
48117,20
1861,0
38052,20
27288,13
3538,0
12953,3
4180,20
33227,0
25342,20
55809,13
23287,13
2879,20
44147,13
14637,0
43706,13
13076,20
34654,28
16504,3
57908,20
5604,20
40183,0
20254,13
5436,13
44711,13
43534,13
2613,20
55451,13
21140,13
39983,13
4722,13
59866,20
56012,13
52680,13
10435,0
34492,13
48914,13
24264,0
51461,0
35124,13
6623,20
5294,0
53104,20
1634,13
33820,20
39714,23
5867,0
34837,13
19777,13
55458,13
27078,13
50916,16
31921,20
28030,20
19545,20
18497,20
12991,13
28202,20
58175,20
15388,20
36936,20
59261,13
56229,13
18651,20
47955,20
48121,20
47169,20
17619,20
12159,3
42629,20
6840,20
59053,20
56827,3
21975,20
18007,20
29740,13
38400,13
58976,13
33447,20
25522,20
11717,0
43730,20
8911,13
27047,20
2625,13
6285,20
14057,0
20262,0
5400,20
36307,20
52642,20
2241,0
23083,0
36763,13
14433,20
10093,20
37483,13
28659,20
17084,20
34206,0
16156,13
51691,20
3367,20
22999,3
6615,0
54919,3
51457,13
45265,13
10067,0
44185,13
10255,0
35320,20
14291,13
4714,20
56024,13
7191,3
29915,13
42424,13
12354,20
13286,20
29129,20
53764,0
15171,0
53338,16
23873,0
28695,13
17048,20
15975,13
54579,3
19542,20
7961,0
8929,20
14853,20
12398,13
50911,13
16738,20
28037,20
39713,20
9691,0
43962,13
19126,13
25942,13
39521,20
48119,20
51034,0
48925,20
20291,13
21343,13
45606,13
10404,0
33686,20
15344,13
24403,13
10636,28
56023,13
19589,13
17413,13
4377,0
37470,20
40522,13
1605,3
26730,0
12505,13
6420,13
18803,20
22390,0
35327,20
26502,0
6612,0
51450,13
45262,13
44176,13
57561,13
55236,13
34201,13
16151,13
46621,20
2246,13
43161,13
31541,0
50576,20
46413,0
22156,13
36764,26
45296,20
57753,13
6282,0
25717,20
5635,20
36132,20
21185,20
32592,0
55652,20
46245,13
50320,13
46939,20
55512,13
13307,13
43477,28
25665,13
20317,0
14122,3
14310,0
39834,20
7010,0
8864,13
43645,13
33156,0
1783,20
50636,0
34373,0
27764,20
6794,0
22024,0
2334,0
43013,16
57621,13
36616,20
58669,0
53047,13
23330,0
10112,20
17753,0
23566,20
42551,13
56363,20
15838,13
4453,13
15004,0
36888,20
9942,0
6136,20
59784,20
7679,0
34942,13
8631,20
50609,16
22229,20
58464,20
46308,13
28377,20
7813,13
57874,20
58232,13
31854,13
31068,13
9387,20
8093,20
57880,20
15209,0
51179,13
4834,13
38747,20
59770,13
17308,20
48602,20
53078,20
57084,13
21838,26
44493,13
15231,13
47216,20
23753,20
30344,0
35404,20
17754,0
3671,20
10571,0
32621,20
53616,13
36281,13
18378,16
55185,13
33397,20
10327,20
18976,3
34380,0
43828,0
2333,0
26483,0
41743,20
39659,13
33363,20
14541,13
25034,3
1784,20
34374,0
7473,0
46754,20
12484,28
25450,20
14317,0
52502,13
51387,16
8863,0
27307,13
46102,20
34522,20
31050,0
48098,13
30182,26
2757,0
29632,13
17901,13
48605,20
55388,13
59545,20
4833,3
37708,13
9710,0
38324,20
15800,16
53629,13
29064,20
9374,13
9146,3
28142,13
27338,20
58007,0
44458,20
25239,13
34179,13
46559,13
34945,13
41781,13
37701,20
15451,13
29409,13
12674,3
30716,20
24918,13
23765,20
51345,13
3475,20
25492,13
59128,13
15207,13
53620,20
17762,20
47012,13
54405,20
12210,20
13938,0
27331,13
3481,3
25466,13
56194,13
39805,3
14113,0
7213,0
51183,13
22471,0
42594,13
57610,13
1580,0
32287,13
25230,20
50435,20
49518,20
16012,13
46762,20
6597,0
50607,16
55375,13
23568,20
48859,20
29052,0
31891,13
1913,13
59117,0
22688,20
39496,13
3812,13
42309,13
19091,13
23930,20
20789,13
59741,16
53881,13
59587,20
22218,13
28722,13
19065,13
40698,20
27900,0
28948,13
13309,20
49143,13
25459,13
56997,20
5749,20
13907,13
29294,0
16449,0
49371,20
34345,0
27752,20
33160,3
5315,20
15690,13
33352,20
1587,20
57617,13
39668,20
44200,20
50432,28
35899,20
27560,0
2302,13
4491,13
14114,3
5543,13
17791,13
16643,0
46133,20
23796,20
16471,0
57041,13
58009,0
32610,20
40230,20
15032,13
44690,0
35435,20
26022,13
47227,20
3472,13
24547,0
57889,20
5785,0
51726,13
12441,20
56503,13
53071,20
45114,13
32274,13
37706,20
4001,13
51514,13
36049,20
27907,3
49978,13
14917,0
54891,0
28517,13
34974,13
25208,20
58660,13
8435,0
6769,23
38771,28
4802,0
10329,20
7489,3
23339,20
48634,20
17930,3
47218,13
12826,0
9177,3
31896,13
59382,13
12288,3
28127,28
26881,13
46158,13
16628,0
43618,20
31238,0
39869,20
38187,13
20944,20
49746,13
7429,13
44865,0
33339,20
19204,0
49574,20
22845,28
2369,1
34920,13
29491,20
43872,20
48660,20
9547,13
28785,13
17158,0
24974,0
53826,13
56568,20
18322,0
29465,20
42954,20
59376,13
48204,13
3419,0
55789,13
12872,20
32449,3
3284,0
43071,20
46503,13
50466,16
23194,0
57643,13
52103,13
11264,3
19009,13
46731,20
19835,0
36022,20
32482,0
2500,20
31207,20
20375,0
11432,13
33762,13
15254,13
52593,20
37938,13
34781,13
17731,13
15066,20
21253,20
26412,0
12627,0
16287,0
50492,13
5187,0
4055,0
24345,0
10170,20
32220,13
4267,20
38528,20
9578,13
35237,20
7882,0
29234,20
41980,20
38948,20
38174,13
46997,13
38722,13
42953,20
23158,0
26618,20
29650,13
2994,11
24973,13
44896,0
4099,13
52309,13
39604,13
13739,0
43049,13
29496,20
55910,13
49741,13
8466,0
30789,0
28776,13
24987,3
25855,13
19455,13
6198,0
22628,20
57811,13
39260,28
19667,0
40435,13
12412,20
26627,20
3879,0
26415,0
30570,20
35002,13
47422,20
24342,13
3613,13
42534,13
55583,13
21254,20
24726,20
14381,20
49128,13
33765,13
39851,20
11607,13
2507,20
8801,0
16422,0
5346,1
33133,20
11263,0
2163,13
7411,13
17194,0
13706,0
2351,20
22041,0
14523,0
52336,20
41721,13
12629,0
29454,13
1529,0
4269,20
17955,20
9576,13
16887,20
17169,0
37936,13
21853,20
6966,13
18777,13
48007,13
58295,13
39064,0
31209,20
43629,13
46955,13
19651,0
50830,20
46169,13
34549,20
2358,20
48497,3
49545,20
58605,20
41728,20
33308,3
33906,13
16873,20
41387,0
51929,20
3625,20
26047,0
48038,20
51115,13
48804,20
3417,0
46390,0
9911,20
38941,20
4632,20
10717,20
56102,13
17156,0
35206,20
4256,13
5384,28
45343,13
47414,20
2969,0
52132,13
25252,20
11067,0
23999,0
51585,3
46532,20
39269,28
55541,13
31838,20
7271,0
50033,3
26281,0
27353,0
7043,20
16414,0
58850,20
25404,13
33901,13
44853,20
34916,13
19232,13
49542,20
43844,0
55921,13
39635,13
19656,0
7249,20
14975,20
38383,20
39251,20
57820,13
33559,0
54699,0
20388,13
18542,20
24942,13
48656,20
9571,20
49784,13
22887,28
54807,20
32229,13
7878,0
22626,33
8830,0
20171,0
36828,13
33754,13
11404,0
25631,13
55546,13
7276,0
16621,3
50034,13
52307,3
57675,20
33330,13
55122,13
50450,20
51582,3
13505,0
16077,20
24989,13
10380,0
15434,20
4063,0
40636,13
54838,20
47413,20
51576,20
30773,13
43281,20
3074,0
4251,0
36484,20
59529,20
5383,11
56561,13
42737,20
26272,0
13195,13
30317,0
56105,13
24717,20
3622,20
7282,0
35457,20
9149,3
43686,20
12024,0
6101,13
17556,0
16484,0
4656,20
5784,20
37151,16
56166,13
40003,20
32611,20
1572,3
12672,0
51515,13
6757,0
3017,0
26675,20
55387,13
19894,20
33195,13
36621,20
41773,0
25236,20
2303,13
13754,13
7671,13
22013,13
43818,13
13566,0
27753,20
2131,13
16014,13
40493,13
33161,0
19438,0
9981,20
46300,20
20112,13
25460,20
33505,13
57040,13
36245,0
5542,20
25652,13
28971,13
55525,20
27939,13
16642,0
14788,20
53873,20
39490,20
3028,0
19097,13
3814,0
34981,13
42901,20
42559,13
28186,20
31897,16
56965,13
18521,0
31299,0
12827,0
46931,20
58205,20
41328,13
9182,0
39464,13
8434,0
49713,13
13559,20
34149,20
58661,13
57629,13
4497,20
49941,20
27330,13
31255,13
5777,0
20929,20
2136,13
15696,13
25003,0
5121,0
44206,20
33354,20
22828,20
27566,0
26672,20
46797,20
51720,20
24919,0
20585,20
56505,13
14582,3
45320,20
41780,13
51512,13
42939,20
53621,13
15808,20
30141,0
6334,20
48867,20
3474,20
47221,20
45576,20
25493,20
10774,20
54897,13
43820,13
39651,20
22219,13
50639,13
41921,20
46338,13
16448,0
13308,20
39235,13
21830,20
37955,20
18526,13
6139,13
12820,13
9343,0
48064,13
31890,26
10579,0
48400,0
59740,16
33991,13
53874,20
42308,13
36422,20
44002,13
1785,20
43227,13
12485,20
2332,13
6792,0
15492,20
20775,20
25207,13
11032,0
39658,20
29892,13
49977,13
45786,13
14918,0
10584,26
56391,13
36046,20
24583,0
43643,13
13133,20
51386,16
8298,20
3670,20
31899,13
6302,20
17755,0
21237,13
15002,0
10570,13
44492,20
24577,0
56157,13
11690,0
31297,13
8896,0
14786,20
56533,13
30721,20
27796,20
19099,13
17103,20
51716,20
55184,13
37736,0
32244,13
10114,20
3489,20
23799,20
57872,20
37997,20
20920,13
19604,13
22479,0
29091,20
11831,20
34944,13
49510,20
35896,20
34178,13
46558,13
55973,13
43218,13
13568,0
52158,13
39455,13
44801,13
15459,20
41789,13
58496,0
59120,13
4658,20
37963,20
38325,20
12218,3
50891,13
29065,13
26811,3
30514,20
23103,20
37731,0
10113,20
15653,20
24928,0
26643,13
6553,20
53422,13
15237,20
56150,13
11697,0
59924,0
32415,0
26227,0
12012,13
48258,20
17560,0
9943,0
26015,20
35402,20
47022,13
56362,20
39835,13
33533,13
39009,20
31264,13
13134,13
22673,20
51381,3
43476,28
54899,0
52352,13
15495,13
11809,0
58668,13
57620,0
40697,20
52160,13
14775,20
5322,20
11207,20
25032,13
44839,26
27765,20
43220,20
59315,20
50896,13
9372,13
51178,13
29062,0
54638,13
56953,13
18173,20
12449,20
59543,20
53079,13
19055,13
50608,16
25831,13
39660,13
43811,13
58233,20
7812,20
34729,20
9988,13
53449,20
30329,13
27990,13
51910,20
38376,20
1977,0
28580,20
29452,13
23954,0
22886,20
4861,13
40608,0
11298,3
45148,13
3876,0
17953,20
31459,20
45980,13
44852,0
5349,20
33900,13
46739,13
9584,20
59187,20
22618,20
28322,20
19657,0
46953,20
27158,0
18924,13
16082,13
3075,0
40405,13
5382,1
11095,13
40637,13
24372,13
21600,3
35032,13
30540,13
56336,13
37301,13
7283,0
34584,13
47076,13
17706,20
29835,0
26041,13
30124,0
9917,13
17534,0
56104,13
20184,0
21056,20
33755,16
7277,0
50035,16
19668,13
43422,13
46362,0
35690,13
50207,20
6197,0
27355,0
20170,0
10381,13
24988,13
57674,13
14513,0
37791,13
17396,13
22071,13
51583,3
46534,13
7613,32
28117,13
46954,0
38385,20
39257,20
1984,0
58052,13
39859,20
47288,20
28741,0
55329,13
22049,13
22875,28
56558,13
4268,13
59510,20
47618,20
9577,20
18312,13
25298,20
11891,13
9321,0
58294,13
59948,13
59174,20
51319,13
18544,8
27399,20
57673,13
5143,0
7614,20
34321,0
30781,0
31653,0
11254,0
33104,13
33938,0
46365,0
27352,13
43617,0
57025,13
52557,13
11402,0
44600,20
14170,20
21297,20
36220,20
7270,0
28128,20
31005,13
8238,20
2702,20
10716,20
24523,13
56103,13
59977,13
15264,20
35451,20
48805,13
26046,0
27194,20
11092,0
4859,13
43889,20
54002,20
35809,13
47627,20
50690,16
3072,13
12425,13
45170,13
37550,20
46708,13
34328,13
8467,13
33931,20
55911,13
17398,13
27955,20
46962,20
49116,13
50209,20
8003,0
36827,13
57810,13
52798,20
59370,13
4408,0
1946,0
17708,20
47078,13
29007,20
48030,13
46996,3
19692,0
38175,13
38949,20
9541,13
37559,28
59526,20
10149,20
40639,13
23965,0
18324,0
38982,20
16423,0
8800,0
54696,0
13151,0
31201,20
6394,13
19659,0
25601,13
33764,20
15094,13
58269,13
20373,13
55112,20
13707,0
57645,13
33300,13
45380,20
50652,3
6704,13
32226,13
40434,13
57483,13
56551,13
4261,0
18915,0
48659,20
32470,13
56909,20
4605,20
15252,20
53447,20
13999,13
23730,20
17505,0
54662,13
17737,20
12245,13
42535,13
56307,16
37330,20
59713,16
29464,13
43887,20
18323,0
23962,0
56569,20
24975,0
18575,0
38172,13
58097,13
39292,20
38340,20
59377,0
38186,20
20179,0
21299,20
33338,20
43873,13
7428,13
28770,0
23505,20
18778,13
42532,13
14989,0
45717,13
58894,13
4602,13
34780,0
47272,16
7087,20
19498,13
3427,0
24176,13
15631,13
17166,0
18912,0
6531,13
31696,13
2191,0
12626,0
40601,13
4868,20
5186,0
57470,20
37595,20
22275,20
17192,0
50655,3
31662,0
46502,26
7625,20
50467,16
31450,13
2357,13
48498,3
10185,0
25262,0
13364,20
8209,0
57226,20
44403,20
5724,13
14373,13
47406,20
22091,20
9769,3
24366,0
37771,0
32031,13
10361,0
10705,13
59964,13
6177,0
12052,0
18568,20
26869,0
19688,0
29821,0
27187,0
41395,13
15879,20
4412,0
58842,20
25416,13
11623,0
14351,20
5706,20
8825,0
35684,20
13948,3
27341,13
14163,20
52776,20
57660,13
24392,13
30792,0
38362,20
15846,0
3608,20
29210,13
6974,0
58889,13
29674,0
49791,20
12409,13
57499,20
59731,13
18301,13
19829,0
16861,13
41508,20
44846,13
37588,20
10198,20
28560,20
23188,0
48485,13
49557,20
3298,13
14960,0
27970,13
31029,0
16439,0
49301,13
7852,20
41530,20
33110,20
45190,13
19811,13
52315,20
20735,20
5157,0
54486,20
2716,20
33746,0
21283,20
39872,20
34751,13
48811,20
3630,20
45732,13
45500,3
3402,20
30305,0
54640,13
13187,20
56573,13
45958,13
24153,13
4243,0
6514,20
35213,20
30761,13
6726,13
22096,20
35021,13
40624,13
24361,13
10154,13
4071,20
37776,13
28331,13
49306,13
36805,13
44419,13
58046,20
49134,13
39627,20
58610,20
19220,13
17188,0
11885,20
59736,5
28593,20
42970,13
53802,13
59160,20
9335,13
11420,0
36202,20
15080,13
53695,3
5505,20
16437,0
41162,13
57007,20
58873,13
52575,20
21087,20
3898,20
34303,13
2176,13
24191,20
11276,20
25043,13
4281,20
36454,20
10196,20
58619,20
5161,0
11878,13
46511,13
50474,16
23186,13
22868,28
43063,13
2182,0
40420,13
11282,3
53037,13
15622,3
25285,20
32232,13
50480,16
9758,13
40276,3
20393,13
37324,13
17723,20
26064,13
9932,0
6146,20
30333,0
4611,20
55139,8
23985,0
9793,0
5962,0
58626,20
33925,13
45199,13
19818,0
22259,13
49754,13
48686,20
2149,13
57038,13
39275,20
9131,20
46982,20
59700,16
8487,13
17976,13
30768,13
23723,20
9935,13
12858,20
32463,0
10733,13
24506,13
52586,20
10501,0
40271,0
15073,20
20394,13
47868,13
1532,0
40615,13
32235,0
5192,0
36695,20
35010,13
50487,16
48478,16
30562,20
30750,13
24162,13
32007,13
33313,0
39629,13
5166,0
20704,20
52324,20
28569,13
34136,20
16054,3
19820,13
25878,20
4286,20
36453,20
39843,20
14969,20
40285,20
36205,20
5502,0
20360,0
6387,20
40418,13
32804,13
29642,13
3854,13
2986,0
42941,20
22098,20
45358,20
30905,13
34599,13
48023,13
42519,0
51932,20
39286,20
20199,0
7890,13
50028,0
49105,13
59999,20
27348,0
28764,13
16857,20
13519,0
46529,20
43867,20
34109,20
19211,20
34935,3
25249,20
10992,0
58621,20
1559,20
42129,13
34995,13
18363,13
46589,20
3800,20
59561,20
39484,13
45902,13
32408,13
15018,0
38300,20
13129,20
17589,20
13915,20
56985,13
14902,20
19621,13
34539,20
33378,20
8612,0
6788,0
8420,13
44018,20
14768,13
39470,13
45757,13
56340,13
15215,20
45565,13
5790,0
56172,13
42740,20
23777,20
50285,13
37521,20
21444,13
10303,20
26661,20
51733,20
35044,13
40641,13
4828,13
41793,13
53090,20
20562,20
19048,20
49738,13
43202,13
6585,0
54087,13
50427,20
13324,20
8249,20
42586,13
28159,20
22463,3
49952,13
14101,0
20106,0
25474,20
9995,20
16464,0
12498,13
28737,0
2921,0
1798,16
58672,13
20768,20
11813,13
13778,3
35088,13
54883,13
44649,13
14139,20
3699,0
28161,20
2579,13
7837,0
56982,20
11679,0
39013,20
51961,20
30956,13
47038,13
12834,20
38135,20
59566,20
45905,13
58686,13
48414,13
34992,13
44444,20
13111,3
2546,20
7206,0
54080,13
20565,20
53097,13
33172,13
25017,20
41552,0
8418,20
22232,20
7450,0
19289,20
27586,0
52383,13
4013,20
10136,13
21443,13
51734,20
4645,20
5797,0
59901,13
6112,0
28398,20
26030,13
6320,0
51162,13
4477,20
46128,13
58220,3
58012,0
49352,20
14759,13
27749,20
18194,0
8411,0
49736,13
49504,20
28533,13
43802,20
50429,20
11019,0
4228,0
58482,20
48610,13
9537,13
48422,0
18352,13
55993,13
59762,20
59306,0
56940,13
10769,20
3469,20
8081,20
5103,20
41756,13
11026,0
13543,20
19079,13
21481,20
14766,13
25021,13
9198,20
50240,13
36052,20
39826,20
24597,0
25445,20
39228,13
11442,13
3690,20
2742,13
49963,13
54614,5
47203,13
23746,20
56143,20
32406,3
53603,13
15016,0
12233,0
3664,20
48079,13
51154,13
21647,16
4025,20
32250,13
13785,3
42127,20
6540,13
7492,3
35247,13
38938,20
56947,20
37970,20
25489,20
9968,13
28396,13
9366,20
4479,20
56349,13
15812,16
7698,0
14598,13
38752,20
45108,13
48617,20
39674,20
33940,20
38594,20
18193,3
19041,20
28706,13
16009,0
45598,20
2548,20
27924,0
27785,20
26657,20
51705,20
3809,20
41597,0
4022,20
54879,13
5594,20
37341,20
10563,0
42544,13
26001,13
43496,0
17746,13
31284,16
51361,13
22693,13
15223,20
56144,13
33715,3
10597,3
11445,0
50849,3
23587,13
8871,0
51395,13
5752,20
36055,20
57062,0
12496,0
50623,16
19842,0
46746,3
22203,8
14761,13
39479,13
33143,13
20766,13
5938,20
16204,0
35086,13
31677,0
46725,20
17187,0
34305,13
37580,20
5355,20
44072,20
20537,20
36452,20
33120,13
14530,0
44240,20
10190,0
13715,0
30597,13
7630,20
44624,20
34553,20
6988,0
31213,13
7066,20
22604,3
25421,13
57001,20
58875,13
56315,13
35475,13
46187,13
3432,0
9934,0
4617,20
38964,13
56127,13
58881,13
17173,0
18907,13
53031,13
40426,13
56543,13
59739,13
40614,13
10164,13
48479,13
35011,13
47431,20
41967,20
57802,20
14359,20
20950,20
58244,20
39273,28
49560,20
8647,20
19022,20
8475,13
48680,13
11089,0
59534,20
32805,20
17970,20
9553,13
4628,13
9137,13
9305,0
46984,13
30904,0
21278,20
15871,20
21624,20
24356,13
25284,20
12634,0
3263,0
35016,13
29449,13
3051,0
26633,20
30756,13
18900,0
47604,20
53036,13
4274,20
54677,13
30332,13
4610,20
15247,20
37117,13
56120,13
15075,0
4422,0
53660,20
32657,13
10507,0
13382,20
35472,20
54683,13
43634,13
38997,20
16604,0
30590,20
55335,13
22267,20
17180,0
44849,20
48025,13
51934,20
3638,20
15876,20
56923,13
54648,13
48217,20
29220,13
53009,13
25089,20
12439,20
30769,13
23970,0
48441,0
35029,13
47409,20
8472,0
16851,20
19819,0
19217,13
44278,13
28908,13
47099,13
26892,13
52779,20
39274,20
57805,13
36832,13
21885,0
18593,20
7862,0
28306,20
12895,20
20196,0
59962,13
30304,0
9139,20
29229,13
7291,0
35444,13
48810,20
34596,13
21276,20
56324,13
54017,20
3255,20
47400,20
35020,13
22097,20
44285,16
15615,20
5390,1
56572,13
43292,20
17142,20
28559,13
5156,0
41703,20
41531,20
19810,13
14357,20
40087,0
58844,20
25410,20
19448,0
27347,0
34750,13
50215,20
28901,5
27175,0
50027,3
44615,20
18135,0
9562,13
32008,13
38532,20
48477,13
6718,0
59353,13
15840,13
42529,13
26850,20
29024,0
30935,13
48221,20
35649,13
47269,16
38156,26
56129,13
15088,0
14966,20
39242,13
19645,13
50824,20
13971,20
28330,20
44418,13
43259,13
16867,20
17189,0
25877,13
33912,13
52925,13
24199,3
39626,13
5955,0
19221,13
43857,20
2710,13
49931,16
34565,13
20357,3
44612,13
36232,20
5707,20
44420,13
36000,20
33572,0
25417,20
8824,13
22632,13
52121,20
56581,20
44878,0
43261,13
19817,13
22256,20
31473,3
55136,13
34101,20
46521,13
25241,13
57661,13
17979,20
8488,13
9768,0
3252,13
51562,13
45350,20
32202,13
10152,20
27186,3
26868,13
6344,20
34591,13
17713,20
15044,20
15878,20
20191,0
4621,13
7898,0
55794,13
3404,20
42723,20
48219,13
30303,0
46383,13
51334,3
9902,3
36669,20
58616,20
44249,20
39621,20
9591,0
44847,0
34768,20
36803,13
31028,0
46946,20
28939,0
54679,13
29211,13
37119,0
1962,20
23519,20
59730,16
4874,13
9757,0
48470,13
54813,20
9565,0
49790,20
16894,20
29675,0
57498,20
52976,13
33941,0
8417,13
19040,20
55961,13
34956,13
35884,20
5906,20
48888,20
9393,13
58014,13
41905,13
17778,20
30966,20
50883,13
28999,13
24768,8
15813,13
4478,20
56946,20
45109,13
15679,3
32867,20
6579,3
9531,13
23129,26
3239,20
32269,13
51394,0
46323,20
17581,13
31271,0
24591,13
25443,13
11676,0
37186,13
33714,20
44646,13
20303,13
49159,13
15480,3
6780,0
34155,13
50622,16
13545,20
43235,20
25027,13
21487,20
1551,20
21641,13
45304,20
4023,20
23116,20
46581,20
51536,13
13783,0
26464,3
42121,0
34393,13
23324,13
17111,20
3808,20
7494,20
48629,20
12463,13
45136,13
59569,13
35625,13
17575,0
59931,0
4675,20
9358,13
34199,3
39686,20
59551,20
17129,20
59909,13
57893,13
9152,13
29070,20
26804,0
30961,13
58013,0
20109,13
41902,20
43669,13
31847,13
8246,20
42589,0
39216,13
5559,0
28532,13
50428,28
34951,13
2318,13
8622,20
41768,13
5901,20
11824,13
44814,0
36408,13
14758,20
33946,0
55368,13
25682,13
45767,13
17740,28
48844,13
42542,13
30162,13
43490,0
6125,13
3457,20
10757,20
40027,20
11685,0
4672,20
35246,13
30734,13
56526,13
56714,16
24334,0
21646,13
47454,20
42126,20
16030,0
31612,0
33145,20
36437,20
20552,20
11027,0
41757,13
20760,20
44225,13
55959,13
27545,0
57256,13
39229,3
14131,3
31878,26
3691,20
55501,13
27121,20
7003,0
22661,20
8877,0
17586,20
9199,20
24596,0
38134,20
56379,20
1907,13
30957,13
31885,13
18701,20
4811,0
55198,13
48415,13
6548,20
38550,20
39482,20
15648,13
55950,13
31429,3
22802,0
19243,0
13779,13
46749,3
16039,0
28736,13
2920,0
16805,20
49701,13
53895,20
2578,13
14138,20
44648,13
55508,13
19627,0
46923,13
10305,20
59558,20
45107,13
46782,13
51735,13
17120,20
23315,13
42322,13
13580,0
34190,20
19288,13
32267,0
14597,13
4012,20
6321,20
22491,13
35426,20
28997,0
3653,20
12204,0
11481,13
56346,13
57294,0
15021,13
25486,20
28399,20
51351,13
16496,0
50045,16
17782,13
22465,13
27117,13
55537,13
11475,0
20332,0
56180,20
45597,20
44445,20
5762,13
3495,0
57436,13
52978,13
25016,20
14751,13
52144,13
50613,16
31624,0
34958,13
2311,13
57604,13
11011,0
32293,13
5134,0
52376,13
39227,13
27913,3
30198,20
29889,20
13914,13
49362,20
36861,0
39015,20
56984,20
27779,20
36439,13
5930,20
38791,0
11815,20
50419,13
28503,20
6789,0
2329,0
35248,20
17924,3
33983,3
34994,13
15825,0
15019,13
6319,20
18534,13
36895,20
40029,0
10759,20
46543,13
55154,13
27574,0
57603,13
25223,20
5133,0
52371,13
20563,20
19875,20
6584,13
2918,0
43203,13
25475,20
36062,20
20107,13
5765,13
13117,20
22462,3
13325,20
4485,13
14100,0
25481,20
59907,13
10766,20
4643,20
37144,0
3466,13
17771,20
18739,0
44684,16
35045,13
1567,3
37712,0
40472,20
29628,0
6570,0
17127,20
26660,13
9678,0
47517,16
23052,13
5287,20
24045,0
21153,0
56001,13
13091,0
9812,0
6066,0
27096,0
42401,0
17603,20
45624,13
52693,36
10426,0
33462,20
6092,0
54590,13
13257,13
12385,13
11500,20
33650,13
50554,0
25351,20
5273,20
20411,20
41426,3
11356,13
46603,20
34223,0
1872,0
27895,0
29133,20
6865,0
6059,0
15359,20
21950,20
38041,13
17856,13
24846,0
4158,13
11993,0
59620,13
48560,20
17258,0
19104,13
49674,20
16970,13
3987,0
58534,20
44957,13
39503,20
14429,20
8761,13
19336,0
27439,13
42892,20
39355,20
14871,20
27861,0
7943,0
8137,13
13866,0
21198,20
41841,20
25958,13
30684,20
7523,20
34224,0
50761,20
23293,20
42096,0
22173,13
28449,20
34016,20
37693,20
14411,20
2607,0
36325,13
20240,13
36117,20
20072,13
53580,13
44537,20
33465,20
34640,20
6095,0
50305,13
3721,20
35554,13
14081,0
45411,20
53574,13
40163,20
33491,20
24426,20
12144,13
29339,0
46294,13
40507,13
1620,0
12520,20
51647,13
12712,20
31590,0
3345,0
17260,0
10879,0
24270,0
57782,13
6896,13
28220,13
41846,20
49025,20
27866,13
6298,20
57749,13
19331,13
46409,0
42895,20
9486,20
3980,0
28644,20
58533,20
20429,20
44950,13
37658,20
4963,20
35933,20
8792,13
22984,20
28482,0
16983,20
18441,0
47379,20
13895,0
39194,20
38046,13
20885,20
30825,3
44733,20
53784,13
57324,16
55473,13
8139,13
43724,20
20044,20
27605,3
7515,20
4390,0
20420,20
5242,20
33037,13
45285,13
20612,13
30480,16
27437,13
34020,20
46400,3
7727,20
16370,3
3141,20
26723,0
22383,0
35334,20
15733,13
37463,20
56454,13
1616,0
57586,13
4156,13
36783,20
30474,20
43186,13
47526,16
42868,20
20282,2
24622,20
56202,20
13292,20
3525,0
54767,13
47370,20
17400,13
24410,20
9682,0
19307,20
43971,13
51488,13
11956,13
10884,0
52803,20
2058,0
22348,13
19551,0
19763,20
31109,20
50902,13
31935,0
27850,0
14840,20
39364,13
48551,20
18221,13
21539,20
8596,0
28686,13
16189,20
12175,0
27292,13
29308,0
14282,20
32572,13
37232,20
15162,0
51020,16
23400,3
48931,20
10848,0
10074,0
23858,28
30641,20
18817,20
57747,13
2252,0
34027,20
22142,13
7512,13
51682,20
52007,13
11360,13
19569,0
43723,20
54794,3
50334,13
52463,13
36126,20
15196,0
57323,16
26186,13
43511,13
8591,0
23269,20
51649,13
9671,0
48556,20
49484,20
26529,20
35902,20
59272,13
39999,20
49014,20
49828,20
14847,20
41279,20
44539,20
8101,13
58502,13
56498,13
2863,0
9685,0
28447,13
21758,20
42804,13
18272,13
3911,3
9417,0
17834,20
38447,20
52098,13
59470,20
33893,13
6807,0
21932,13
59014,20
15109,3
8155,0
7921,0
9087,13
58132,13
52408,13
57348,16
14813,20
39337,13
25768,13
16778,20
39753,13
11139,20
15599,13
11905,20
34870,20
18286,13
26589,20
8703,20
16912,0
14679,0
22586,20
17661,13
18629,0
57383,20
45646,16
10676,20
4753,0
9870,0
42651,13
54734,13
24027,0
37430,20
42235,13
47575,20
3320,13
41682,20
10020,13
24215,13
14480,20
25101,20
36516,20
52053,13
15794,16
14646,0
20473,20
46661,13
2034,0
19159,0
47581,13
7774,20
46453,20
27464,20
55044,13
32384,0
59689,16
44304,3
16747,20
48991,20
17695,20
8358,20
28874,13
33632,13
5447,20
44760,20
4595,20
39906,20
52437,13
34279,13
16129,0
49611,20
5229,20
33860,20
39754,13
5827,0
43925,20
35199,20
18281,13
19353,13
28070,20
51884,20
27038,20
22778,13
28242,13
11768,0
57941,20
24649,20
4559,20
29156,0
26922,13
28084,20
48161,20
53529,16
6458,20
29700,0
19195,0
38440,20
4901,13
18275,0
10685,13
44555,28
52430,16
39901,20
23695,0
3585,20
49844,13
46030,13
55427,13
47586,13
16324,0
46454,13
57714,13
36723,20
44131,20
28619,20
34246,0
43314,0
23037,20
51417,0
32377,20
40565,13
33097,20
15767,0
45017,13
6467,20
51625,13
40101,0
5686,20
54733,20
51073,13
6231,0
17666,20
23453,3
24676,20
11591,0
45641,16
28046,5
50960,3
49071,13
57379,16
20019,0
8958,13
48391,3
19533,0
40598,13
33856,20
58567,13
16923,0
43913,13
28422,20
22924,13
11108,13
20489,13
59441,13
29736,13
17805,20
29504,13
38220,20
45648,16
21903,13
59819,0
10678,20
59025,20
29352,0
9042,13
6836,13
5012,13
26587,13
55075,13
7577,13
34270,13
54395,20
27667,13
11305,3
22771,0
16544,0
9089,13
42694,20
57174,13
39937,20
4796,0
56294,16
39339,20
5476,20
49872,13
46006,13
13204,28
30086,13
9841,0
49288,13
3547,20
59826,0
53520,15
40305,20
10475,0
59228,13
15107,0
37257,13
51045,13
18618,0
48168,20
10011,3
56604,13
45213,13
6663,20
7583,13
29709,13
42204,3
9419,0
14683,0
53144,20
45021,20
38015,13
21138,13
8197,0
17668,20
48150,20
28889,20
15903,20
7789,0
19396,0
27499,13
19362,13
8735,0
11933,20
38485,20
25108,20
33851,13
2801,20
49620,13
33409,20
37895,13
57970,13
13832,0
28273,13
19534,0
28041,5
29193,20
27009,3
42203,0
48739,20
41486,0
53143,20
4301,20
10016,13
40766,20
45214,13
25795,23
10472,0
53715,20
16785,8
29158,0
49881,13
30075,13
6032,0
2492,0
3540,0
42667,13
12117,13
26322,13
53527,16
56293,16
36376,13
20213,13
49875,13
2654,20
13203,20
29990,13
34613,20
22776,13
31361,0
41016,20
24481,20
52401,13
44564,28
22312,13
31705,20
11302,3
39568,20
21597,0
7742,0
2230,11
27452,13
34214,0
43346,20
2061,0
55223,13
33031,13
44163,13
4998,20
57746,13
34026,20
7721,20
27431,13
57322,16
40395,13
44735,20
53782,13
15197,0
27869,0
26187,13
13260,3
25530,0
32587,13
58158,13
39953,20
10411,0
21356,20
35564,20
12346,0
9825,13
27293,13
38049,13
45421,20
4706,20
18816,20
31792,0
26725,0
56452,20
40537,13
45277,20
37657,13
5082,0
47520,16
48568,20
54137,13
28210,20
26984,13
46861,13
2608,13
39362,13
59287,13
28446,13
56499,13
20419,20
33832,13
19133,20
43983,20
54934,13
45248,20
18015,20
8590,0
3178,20
12977,13
13099,0
30815,0
42409,16
30029,13
48133,20
1845,0
53749,3
56667,13
51442,13
43187,13
35335,20
17859,16
26722,0
42267,13
53127,20
24623,20
56203,20
45614,20
26174,20
55486,13
30011,13
50332,13
12187,0
8138,13
54792,3
57117,0
11702,0
44500,20
5627,20
39954,13
7342,0
34445,0
56693,13
33204,0
36776,20
14426,20
34021,20
43173,13
46633,13
7514,13
43341,20
27604,0
4391,0
5243,20
48908,13
3729,0
46892,3
27099,13
10429,13
59274,13
1628,19
38415,20
24876,13
17866,13
35138,20
52802,20
25950,13
58504,13
16940,20
8751,0
55029,13
26983,3
19762,13
14841,20
46268,16
32542,20
39996,20
4737,20
9814,20
35555,13
7380,13
54562,13
26142,13
32770,0
45622,13
52695,20
21367,0
53747,3
35131,13
31591,0
54106,20
10044,0
11196,20
51646,13
18827,20
46437,13
50552,16
27400,5
20625,20
14410,20
37692,20
52205,13
25959,13
46605,20
34225,0
6094,0
34641,20
7146,13
16511,3
8932,20
13063,13
19559,0
13251,13
31101,20
25733,20
41276,20
52661,20
51679,20
49686,13
17850,0
18024,20
45279,20
15509,13
54905,13
6609,0
50599,16
9641,0
14883,20
59242,20
53778,13
30018,13
17408,13
47378,20
9017,20
21956,20
38047,26
59070,16
39353,13
1880,13
27867,13
28013,20
46850,13
7179,3
41847,20
36129,20
17098,20
2853,0
16976,13
58532,20
25966,13
4996,20
16378,3
22971,20
19330,13
48592,20
30488,20
55443,13
25734,20
21394,0
41043,20
39159,13
58952,13
46266,0
8109,20
11357,13
14625,3
44155,16
45087,13
16172,20
51487,3
16340,0
55027,13
49478,20
2265,13
4192,20
36747,13
10271,20
25196,20
21536,13
15703,0
47724,13
6403,20
23261,20
17054,20
42256,3
12526,20
26521,0
11191,13
17602,20
51017,16
19798,0
42400,0
56232,13
10427,0
4502,20
53740,3
56000,13
24420,20
45417,20
59048,20
51225,13
46292,13
39730,0
4991,20
42893,20
27438,13
39502,20
58535,20
46259,0
8136,13
12189,0
21199,20
41840,20
40992,36
20279,20
27860,13
28828,13
29300,0
12941,0
18447,13
21951,20
38040,20
14884,13
30823,3
27894,0
26946,13
9222,20
42867,20
43189,13
12519,20
45870,13
53129,20
59413,13
5219,20
58561,13
25935,13
25109,20
16925,0
16119,20
13659,0
28424,13
55428,13
28040,20
19535,0
7916,0
50992,13
28888,20
47119,20
17669,20
30877,13
29166,13
15902,20
24679,20
56857,13
21905,13
38014,26
30279,20
9878,0
28286,20
12915,0
3328,20
19397,0
18245,0
48535,20
42833,20
29502,20
23038,13
40758,13
7115,20
16542,0
39931,20
20020,0
24480,20
58308,13
14027,28
44757,20
31152,20
46000,13
43116,28
22121,13
35196,20
6691,13
31704,20
43324,0
54393,13
16126,0
20682,13
10017,13
6665,20
54969,13
27695,20
17000,20
6457,20
4300,0
54703,13
12116,13
23651,0
37063,20
53526,16
24646,20
9249,13
6201,20
30848,0
51043,16
19390,0
23803,13
29505,13
59440,13
53946,13
13498,0
29737,20
17038,13
57982,16
8191,0
23669,0
50995,16
2699,13
29161,0
38221,20
20018,0
57976,13
37893,13
43778,13
31358,16
19532,0
7911,0
19700,0
28047,20
30884,13
19364,13
55877,13
43912,3
33259,20
39763,3
39551,13
21333,13
54536,20
18619,0
26116,13
51878,20
3774,0
17651,20
23464,13
51044,13
6808,28
22784,3
15334,20
27692,20
51612,13
18873,13
53145,20
37632,20
4135,28
45212,13
54152,13
51420,0
6662,0
31703,20
13453,0
54394,20
34271,13
5221,20
11304,3
20671,0
43111,13
50506,16
6696,20
5477,20
41222,20
11552,0
33602,20
27030,13
46007,13
7320,20
22542,20
13037,20
55622,20
16545,0
53528,16
56866,20
57188,13
36983,20
4558,20
9247,0
26923,13
31994,13
59644,13
10825,0
58796,0
32349,13
38673,13
9623,0
18274,13
34882,13
3319,28
18046,20
48736,20
6459,20
45029,26
37409,20
20678,20
39755,13
54993,13
28627,3
21598,3
33861,20
57940,20
37099,0
41825,20
11769,0
39103,3
58306,13
14029,13
14815,13
39331,20
7329,13
32144,20
13491,0
18079,16
30613,13
3928,0
27496,20
19399,0
42001,13
17203,0
17667,13
4755,0
21137,13
32520,20
3570,28
12127,13
49079,20
50968,16
49845,13
36346,13
20011,0
56091,13
7918,0
22746,13
15792,16
52869,13
41442,20
33062,0
34247,0
34849,13
50530,16
33250,13
25769,13
39336,20
46835,20
48193,20
16779,13
31967,20
31369,0
20029,13
41822,20
19167,13
18889,13
7578,20
11138,4
33268,20
34871,20
8702,20
26588,20
3910,3
32940,20
4309,20
33892,13
59643,13
10822,0
34885,20
59227,13
18617,0
48355,20
51278,13
40138,20
38022,13
13650,13
22117,28
55879,20
5022,20
57712,13
52052,0
5210,0
19158,0
19964,0
57144,13
33401,20
23693,20
55421,13
28875,13
22573,0
28049,20
20224,13
21130,13
10677,13
24442,0
25590,13
30270,20
23667,13
9871,0
6005,0
3745,28
28881,13
35530,20
6237,0
23455,3
48964,20
17660,20
57382,20
47574,20
6653,20
14481,28
30614,20
55283,20
42234,0
